ticker,metric,fy,sheet_value_musd,extracted,frames_api,frame,tag,status,period_end,restated,first_value,sheet_vs_extract_ok,frames_match
WMT,revenue,2015,478614,478614000000.0,478614000000.0,CY2015,SalesRevenueNet,ok,2016-01-31,False,478614000000.0,True,True
WMT,revenue,2016,481317,481317000000.0,481317000000.0,CY2016,RevenueFromContractWithCustomerExcludingAssessedTax,ok,2017-01-31,False,481317000000.0,True,True
WMT,revenue,2017,495761,495761000000.0,495761000000.0,CY2017,RevenueFromContractWithCustomerExcludingAssessedTax,ok,2018-01-31,False,495761000000.0,True,True
WMT,revenue,2018,510329,510329000000.0,510329000000.0,CY2018,RevenueFromContractWithCustomerExcludingAssessedTax,ok,2019-01-31,False,510329000000.0,True,True
WMT,revenue,2019,519926,519926000000.0,519926000000.0,CY2019,RevenueFromContractWithCustomerExcludingAssessedTax,ok,2020-01-31,False,519926000000.0,True,True
WMT,revenue,2020,555233,555233000000.0,555233000000.0,CY2020,RevenueFromContractWithCustomerExcludingAssessedTax,ok,2021-01-31,False,555233000000.0,True,True
WMT,revenue,2021,567762,567762000000.0,567762000000.0,CY2021,RevenueFromContractWithCustomerExcludingAssessedTax,ok,2022-01-31,False,567762000000.0,True,True
WMT,revenue,2022,605881,605881000000.0,605881000000.0,CY2022,RevenueFromContractWithCustomerExcludingAssessedTax,ok,2023-01-31,False,605881000000.0,True,True
WMT,revenue,2023,642637,642637000000.0,642637000000.0,CY2023,RevenueFromContractWithCustomerExcludingAssessedTax,ok,2024-01-31,False,642637000000.0,True,True
WMT,revenue,2024,674538,674538000000.0,674538000000.0,CY2024,RevenueFromContractWithCustomerExcludingAssessedTax,ok,2025-01-31,False,674538000000.0,True,True
WMT,revenue,2025,706413,706413000000.0,706413000000.0,CY2025,RevenueFromContractWithCustomerExcludingAssessedTax,ok,2026-01-31,False,706413000000.0,True,True
WMT,cost_of_sales,2015,360984,360984000000.0,360984000000.0,CY2015,CostOfRevenue,ok,2016-01-31,False,360984000000.0,True,True
WMT,cost_of_sales,2016,361256,361256000000.0,361256000000.0,CY2016,CostOfRevenue,ok,2017-01-31,False,361256000000.0,True,True
WMT,cost_of_sales,2017,373396,373396000000.0,373396000000.0,CY2017,CostOfRevenue,ok,2018-01-31,False,373396000000.0,True,True
WMT,cost_of_sales,2018,385301,385301000000.0,385301000000.0,CY2018,CostOfRevenue,ok,2019-01-31,False,385301000000.0,True,True
WMT,cost_of_sales,2019,394605,394605000000.0,394605000000.0,CY2019,CostOfRevenue,ok,2020-01-31,False,394605000000.0,True,True
WMT,cost_of_sales,2020,420315,420315000000.0,420315000000.0,CY2020,CostOfRevenue,ok,2021-01-31,False,420315000000.0,True,True
WMT,cost_of_sales,2021,429000,429000000000.0,429000000000.0,CY2021,CostOfRevenue,ok,2022-01-31,False,429000000000.0,True,True
WMT,cost_of_sales,2022,463721,463721000000.0,463721000000.0,CY2022,CostOfRevenue,ok,2023-01-31,False,463721000000.0,True,True
WMT,cost_of_sales,2023,490142,490142000000.0,490142000000.0,CY2023,CostOfRevenue,ok,2024-01-31,False,490142000000.0,True,True
WMT,cost_of_sales,2024,511753,511753000000.0,511753000000.0,CY2024,CostOfRevenue,ok,2025-01-31,False,511753000000.0,True,True
WMT,cost_of_sales,2025,535395,535395000000.0,535395000000.0,CY2025,CostOfRevenue,ok,2026-01-31,False,535395000000.0,True,True
WMT,net_income,2015,14694,14694000000.0,14694000000.0,CY2015,NetIncomeLoss,ok,2016-01-31,False,14694000000.0,True,True
WMT,net_income,2016,13643,13643000000.0,13643000000.0,CY2016,NetIncomeLoss,ok,2017-01-31,False,13643000000.0,True,True
WMT,net_income,2017,9862,9862000000.0,9862000000.0,CY2017,NetIncomeLoss,ok,2018-01-31,False,9862000000.0,True,True
WMT,net_income,2018,6670,6670000000.0,6670000000.0,CY2018,NetIncomeLoss,ok,2019-01-31,False,6670000000.0,True,True
WMT,net_income,2019,14881,14881000000.0,14881000000.0,CY2019,NetIncomeLoss,ok,2020-01-31,False,14881000000.0,True,True
WMT,net_income,2020,13510,13510000000.0,13510000000.0,CY2020,NetIncomeLoss,ok,2021-01-31,False,13510000000.0,True,True
WMT,net_income,2021,13673,13673000000.0,,,NetIncomeLoss,ok,2022-01-31,False,13673000000.0,True,
WMT,net_income,2022,11680,11680000000.0,,,NetIncomeLoss,ok,2023-01-31,False,11680000000.0,True,
WMT,net_income,2023,15511,15511000000.0,,,NetIncomeLoss,ok,2024-01-31,False,15511000000.0,True,
WMT,net_income,2024,19436,19436000000.0,,,NetIncomeLoss,ok,2025-01-31,False,19436000000.0,True,
WMT,net_income,2025,21893,21893000000.0,,,NetIncomeLoss,ok,2026-01-31,False,21893000000.0,True,
WMT,current_assets,2015,60239,60239000000.0,60239000000.0,CY2015Q4I,AssetsCurrent,ok,2016-01-31,False,60239000000.0,True,True
WMT,current_assets,2016,57689,57689000000.0,57689000000.0,CY2016Q4I,AssetsCurrent,ok,2017-01-31,False,57689000000.0,True,True
WMT,current_assets,2017,59664,59664000000.0,59664000000.0,CY2017Q4I,AssetsCurrent,ok,2018-01-31,False,59664000000.0,True,True
WMT,current_assets,2018,61897,61897000000.0,61897000000.0,CY2018Q4I,AssetsCurrent,ok,2019-01-31,False,61897000000.0,True,True
WMT,current_assets,2019,61806,61806000000.0,61806000000.0,CY2019Q4I,AssetsCurrent,ok,2020-01-31,False,61806000000.0,True,True
WMT,current_assets,2020,90067,90067000000.0,90067000000.0,CY2020Q4I,AssetsCurrent,ok,2021-01-31,False,90067000000.0,True,True
WMT,current_assets,2021,81070,81070000000.0,81070000000.0,CY2021Q4I,AssetsCurrent,ok,2022-01-31,False,81070000000.0,True,True
WMT,current_assets,2022,75655,75655000000.0,75655000000.0,CY2022Q4I,AssetsCurrent,ok,2023-01-31,False,75655000000.0,True,True
WMT,current_assets,2023,76877,76877000000.0,76877000000.0,CY2023Q4I,AssetsCurrent,ok,2024-01-31,False,76877000000.0,True,True
WMT,current_assets,2024,79458,79458000000.0,79458000000.0,CY2024Q4I,AssetsCurrent,ok,2025-01-31,False,79458000000.0,True,True
WMT,current_assets,2025,84874,84874000000.0,,,AssetsCurrent,ok,2026-01-31,False,84874000000.0,True,
WMT,current_liabilities,2015,64619,64619000000.0,64619000000.0,CY2015Q4I,LiabilitiesCurrent,ok,2016-01-31,False,64619000000.0,True,True
WMT,current_liabilities,2016,66928,66928000000.0,66928000000.0,CY2016Q4I,LiabilitiesCurrent,ok,2017-01-31,False,66928000000.0,True,True
WMT,current_liabilities,2017,78521,78521000000.0,78521000000.0,CY2017Q4I,LiabilitiesCurrent,ok,2018-01-31,False,78521000000.0,True,True
WMT,current_liabilities,2018,77477,77477000000.0,77477000000.0,CY2018Q4I,LiabilitiesCurrent,ok,2019-01-31,False,77477000000.0,True,True
WMT,current_liabilities,2019,77790,77790000000.0,77790000000.0,CY2019Q4I,LiabilitiesCurrent,ok,2020-01-31,False,77790000000.0,True,True
WMT,current_liabilities,2020,92645,92645000000.0,92645000000.0,CY2020Q4I,LiabilitiesCurrent,ok,2021-01-31,False,92645000000.0,True,True
WMT,current_liabilities,2021,87379,87379000000.0,87379000000.0,CY2021Q4I,LiabilitiesCurrent,ok,2022-01-31,False,87379000000.0,True,True
WMT,current_liabilities,2022,92198,92198000000.0,92198000000.0,CY2022Q4I,LiabilitiesCurrent,ok,2023-01-31,False,92198000000.0,True,True
WMT,current_liabilities,2023,92415,92415000000.0,92415000000.0,CY2023Q4I,LiabilitiesCurrent,ok,2024-01-31,False,92415000000.0,True,True
WMT,current_liabilities,2024,96584,96584000000.0,96584000000.0,CY2024Q4I,LiabilitiesCurrent,ok,2025-01-31,False,96584000000.0,True,True
WMT,current_liabilities,2025,107469,107469000000.0,,,LiabilitiesCurrent,ok,2026-01-31,False,107469000000.0,True,
WMT,total_equity,2015,83611,83611000000.0,83611000000.0,CY2015Q4I,StockholdersEquityIncludingPortionAttributableToNoncontrollingInterest,ok,2016-01-31,False,83611000000.0,True,True
WMT,total_equity,2016,80535,80535000000.0,80535000000.0,CY2016Q4I,StockholdersEquityIncludingPortionAttributableToNoncontrollingInterest,ok,2017-01-31,False,80535000000.0,True,True
WMT,total_equity,2017,80822,80822000000.0,80822000000.0,CY2017Q4I,StockholdersEquityIncludingPortionAttributableToNoncontrollingInterest,ok,2018-01-31,False,80822000000.0,True,True
WMT,total_equity,2018,79634,79634000000.0,79634000000.0,CY2018Q4I,StockholdersEquityIncludingPortionAttributableToNoncontrollingInterest,ok,2019-01-31,False,79634000000.0,True,True
WMT,total_equity,2019,81552,81552000000.0,81552000000.0,CY2019Q4I,StockholdersEquityIncludingPortionAttributableToNoncontrollingInterest,ok,2020-01-31,False,81552000000.0,True,True
WMT,total_equity,2020,87531,87531000000.0,87531000000.0,CY2020Q4I,StockholdersEquityIncludingPortionAttributableToNoncontrollingInterest,ok,2021-01-31,False,87531000000.0,True,True
WMT,total_equity,2021,91891,91891000000.0,91891000000.0,CY2021Q4I,StockholdersEquityIncludingPortionAttributableToNoncontrollingInterest,ok,2022-01-31,False,91891000000.0,True,True
WMT,total_equity,2022,83754,83754000000.0,83754000000.0,CY2022Q4I,StockholdersEquityIncludingPortionAttributableToNoncontrollingInterest,ok,2023-01-31,False,83754000000.0,True,True
WMT,total_equity,2023,90349,90349000000.0,90349000000.0,CY2023Q4I,StockholdersEquityIncludingPortionAttributableToNoncontrollingInterest,ok,2024-01-31,False,90349000000.0,True,True
WMT,total_equity,2024,97421,97421000000.0,,,StockholdersEquityIncludingPortionAttributableToNoncontrollingInterest,ok,2025-01-31,False,97421000000.0,True,
WMT,total_equity,2025,105887,105887000000.0,,,StockholdersEquityIncludingPortionAttributableToNoncontrollingInterest,ok,2026-01-31,False,105887000000.0,True,
COST,revenue,2015,116199,116199000000.0,116199000000.0,CY2015,Revenues,ok,2015-08-30,False,116199000000.0,True,True
COST,revenue,2016,118719,118719000000.0,118719000000.0,CY2016,RevenueFromContractWithCustomerExcludingAssessedTax,ok,2016-08-28,False,118719000000.0,True,True
COST,revenue,2017,129025,129025000000.0,,,RevenueFromContractWithCustomerExcludingAssessedTax,ok,2017-09-03,False,129025000000.0,True,
COST,revenue,2018,141576,141576000000.0,141576000000.0,CY2018,RevenueFromContractWithCustomerExcludingAssessedTax,ok,2018-09-02,False,141576000000.0,True,True
COST,revenue,2019,152703,152703000000.0,152703000000.0,CY2019,RevenueFromContractWithCustomerExcludingAssessedTax,ok,2019-09-01,False,152703000000.0,True,True
COST,revenue,2020,166761,166761000000.0,166761000000.0,CY2020,RevenueFromContractWithCustomerExcludingAssessedTax,ok,2020-08-30,False,166761000000.0,True,True
COST,revenue,2021,195929,195929000000.0,195929000000.0,CY2021,RevenueFromContractWithCustomerExcludingAssessedTax,ok,2021-08-29,False,195929000000.0,True,True
COST,revenue,2022,226954,226954000000.0,226954000000.0,CY2022,RevenueFromContractWithCustomerExcludingAssessedTax,ok,2022-08-28,False,226954000000.0,True,True
COST,revenue,2023,242290,242290000000.0,242290000000.0,CY2023,RevenueFromContractWithCustomerExcludingAssessedTax,ok,2023-09-03,False,242290000000.0,True,True
COST,revenue,2024,254453,254453000000.0,254453000000.0,CY2024,RevenueFromContractWithCustomerExcludingAssessedTax,ok,2024-09-01,False,254453000000.0,True,True
COST,revenue,2025,275235,275235000000.0,275235000000.0,CY2025,RevenueFromContractWithCustomerExcludingAssessedTax,ok,2025-08-31,False,275235000000.0,True,True
COST,cost_of_sales,2015,101065,101065000000.0,101065000000.0,CY2015,CostOfGoodsSold,ok,2015-08-30,False,101065000000.0,True,True
COST,cost_of_sales,2016,102901,102901000000.0,102901000000.0,CY2016,CostOfGoodsAndServicesSold,ok,2016-08-28,False,102901000000.0,True,True
COST,cost_of_sales,2017,111882,111882000000.0,,,CostOfGoodsAndServicesSold,ok,2017-09-03,False,111882000000.0,True,
COST,cost_of_sales,2018,123152,123152000000.0,123152000000.0,CY2018,CostOfGoodsAndServicesSold,ok,2018-09-02,False,123152000000.0,True,True
COST,cost_of_sales,2019,132886,132886000000.0,132886000000.0,CY2019,CostOfGoodsAndServicesSold,ok,2019-09-01,False,132886000000.0,True,True
COST,cost_of_sales,2020,144939,144939000000.0,144939000000.0,CY2020,CostOfGoodsAndServicesSold,ok,2020-08-30,False,144939000000.0,True,True
COST,cost_of_sales,2021,170684,170684000000.0,170684000000.0,CY2021,CostOfGoodsAndServicesSold,ok,2021-08-29,False,170684000000.0,True,True
COST,cost_of_sales,2022,199382,199382000000.0,199382000000.0,CY2022,CostOfGoodsAndServicesSold,ok,2022-08-28,False,199382000000.0,True,True
COST,cost_of_sales,2023,212586,212586000000.0,212586000000.0,CY2023,CostOfGoodsAndServicesSold,ok,2023-09-03,False,212586000000.0,True,True
COST,cost_of_sales,2024,222358,222358000000.0,222358000000.0,CY2024,CostOfGoodsAndServicesSold,ok,2024-09-01,False,222358000000.0,True,True
COST,cost_of_sales,2025,239886,239886000000.0,239886000000.0,CY2025,CostOfGoodsAndServicesSold,ok,2025-08-31,False,239886000000.0,True,True
COST,net_income,2015,2377,2377000000.0,2377000000.0,CY2015,NetIncomeLoss,ok,2015-08-30,False,2377000000.0,True,True
COST,net_income,2016,2350,2350000000.0,2350000000.0,CY2016,NetIncomeLoss,ok,2016-08-28,False,2350000000.0,True,True
COST,net_income,2017,2679,2679000000.0,,,NetIncomeLoss,ok,2017-09-03,False,2679000000.0,True,
COST,net_income,2018,3134,3134000000.0,3134000000.0,CY2018,NetIncomeLoss,ok,2018-09-02,False,3134000000.0,True,True
COST,net_income,2019,3659,3659000000.0,3659000000.0,CY2019,NetIncomeLoss,ok,2019-09-01,False,3659000000.0,True,True
COST,net_income,2020,4002,4002000000.0,4002000000.0,CY2020,NetIncomeLoss,ok,2020-08-30,False,4002000000.0,True,True
COST,net_income,2021,5007,5007000000.0,5007000000.0,CY2021,NetIncomeLoss,ok,2021-08-29,False,5007000000.0,True,True
COST,net_income,2022,5844,5844000000.0,5844000000.0,CY2022,NetIncomeLoss,ok,2022-08-28,False,5844000000.0,True,True
COST,net_income,2023,6292,6292000000.0,6292000000.0,CY2023,NetIncomeLoss,ok,2023-09-03,False,6292000000.0,True,True
COST,net_income,2024,7367,7367000000.0,7367000000.0,CY2024,NetIncomeLoss,ok,2024-09-01,False,7367000000.0,True,True
COST,net_income,2025,8099,8099000000.0,8099000000.0,CY2025,NetIncomeLoss,ok,2025-08-31,False,8099000000.0,True,True
COST,current_assets,2015,16779,16779000000.0,16779000000.0,CY2015Q3I,AssetsCurrent,ok,2015-08-30,True,17299000000.0,True,True
COST,current_assets,2016,15218,15218000000.0,15218000000.0,CY2016Q3I,AssetsCurrent,ok,2016-08-28,False,15218000000.0,True,True
COST,current_assets,2017,17317,17317000000.0,17317000000.0,CY2017Q3I,AssetsCurrent,ok,2017-09-03,False,17317000000.0,True,True
COST,current_assets,2018,20289,20289000000.0,,,AssetsCurrent,ok,2018-09-02,False,20289000000.0,True,
COST,current_assets,2019,23485,23485000000.0,23485000000.0,CY2019Q3I,AssetsCurrent,ok,2019-09-01,False,23485000000.0,True,True
COST,current_assets,2020,28120,28120000000.0,28120000000.0,CY2020Q3I,AssetsCurrent,ok,2020-08-30,False,28120000000.0,True,True
COST,current_assets,2021,29505,29505000000.0,29505000000.0,CY2021Q3I,AssetsCurrent,ok,2021-08-29,False,29505000000.0,True,True
COST,current_assets,2022,32696,32696000000.0,32696000000.0,CY2022Q3I,AssetsCurrent,ok,2022-08-28,False,32696000000.0,True,True
COST,current_assets,2023,35879,35879000000.0,35879000000.0,CY2023Q3I,AssetsCurrent,ok,2023-09-03,False,35879000000.0,True,True
COST,current_assets,2024,34246,34246000000.0,34246000000.0,CY2024Q3I,AssetsCurrent,ok,2024-09-01,False,34246000000.0,True,True
COST,current_assets,2025,38380,38380000000.0,,,AssetsCurrent,ok,2025-08-31,False,38380000000.0,True,
COST,current_liabilities,2015,16539,16539000000.0,16539000000.0,CY2015Q3I,LiabilitiesCurrent,ok,2015-08-30,True,16540000000.0,True,True
COST,current_liabilities,2016,15575,15575000000.0,15575000000.0,CY2016Q3I,LiabilitiesCurrent,ok,2016-08-28,False,15575000000.0,True,True
COST,current_liabilities,2017,17495,17495000000.0,17495000000.0,CY2017Q3I,LiabilitiesCurrent,ok,2017-09-03,False,17495000000.0,True,True
COST,current_liabilities,2018,19926,19926000000.0,,,LiabilitiesCurrent,ok,2018-09-02,False,19926000000.0,True,
COST,current_liabilities,2019,23237,23237000000.0,23237000000.0,CY2019Q3I,LiabilitiesCurrent,ok,2019-09-01,False,23237000000.0,True,True
COST,current_liabilities,2020,24844,24844000000.0,24844000000.0,CY2020Q3I,LiabilitiesCurrent,ok,2020-08-30,False,24844000000.0,True,True
COST,current_liabilities,2021,29441,29441000000.0,29441000000.0,CY2021Q3I,LiabilitiesCurrent,ok,2021-08-29,False,29441000000.0,True,True
COST,current_liabilities,2022,31998,31998000000.0,31998000000.0,CY2022Q3I,LiabilitiesCurrent,ok,2022-08-28,False,31998000000.0,True,True
COST,current_liabilities,2023,33583,33583000000.0,33583000000.0,CY2023Q3I,LiabilitiesCurrent,ok,2023-09-03,False,33583000000.0,True,True
COST,current_liabilities,2024,35464,35464000000.0,35464000000.0,CY2024Q3I,LiabilitiesCurrent,ok,2024-09-01,False,35464000000.0,True,True
COST,current_liabilities,2025,37108,37108000000.0,,,LiabilitiesCurrent,ok,2025-08-31,False,37108000000.0,True,
COST,total_equity,2015,10843,10843000000.0,10843000000.0,CY2015Q3I,StockholdersEquityIncludingPortionAttributableToNoncontrollingInterest,ok,2015-08-30,False,10843000000.0,True,True
COST,total_equity,2016,12332,12332000000.0,,,StockholdersEquityIncludingPortionAttributableToNoncontrollingInterest,ok,2016-08-28,False,12332000000.0,True,
COST,total_equity,2017,11079,11079000000.0,11079000000.0,CY2017Q3I,StockholdersEquityIncludingPortionAttributableToNoncontrollingInterest,ok,2017-09-03,False,11079000000.0,True,True
COST,total_equity,2018,13103,13103000000.0,13103000000.0,CY2018Q3I,StockholdersEquityIncludingPortionAttributableToNoncontrollingInterest,ok,2018-09-02,False,13103000000.0,True,True
COST,total_equity,2019,15584,15584000000.0,15584000000.0,CY2019Q3I,StockholdersEquityIncludingPortionAttributableToNoncontrollingInterest,ok,2019-09-01,False,15584000000.0,True,True
COST,total_equity,2020,18705,18705000000.0,18705000000.0,CY2020Q3I,StockholdersEquityIncludingPortionAttributableToNoncontrollingInterest,ok,2020-08-30,False,18705000000.0,True,True
COST,total_equity,2021,18078,18078000000.0,18078000000.0,CY2021Q3I,StockholdersEquityIncludingPortionAttributableToNoncontrollingInterest,ok,2021-08-29,False,18078000000.0,True,True
COST,total_equity,2022,20647,20647000000.0,20647000000.0,CY2022Q3I,StockholdersEquityIncludingPortionAttributableToNoncontrollingInterest,ok,2022-08-28,False,20647000000.0,True,True
COST,total_equity,2023,25058,25058000000.0,25058000000.0,CY2023Q3I,StockholdersEquityIncludingPortionAttributableToNoncontrollingInterest,ok,2023-09-03,False,25058000000.0,True,True
COST,total_equity,2024,23622,23622000000.0,23622000000.0,CY2024Q3I,StockholdersEquityIncludingPortionAttributableToNoncontrollingInterest,ok,2024-09-01,False,23622000000.0,True,True
COST,total_equity,2025,29164,29164000000.0,29164000000.0,CY2025Q3I,StockholdersEquityIncludingPortionAttributableToNoncontrollingInterest,ok,2025-08-31,False,29164000000.0,True,True
KR,revenue,2015,109830,109830000000.0,109830000000.0,CY2015,SalesRevenueGoodsNet,ok,2016-01-30,False,109830000000.0,True,True
KR,revenue,2016,115337,115337000000.0,115337000000.0,CY2016,RevenueFromContractWithCustomerExcludingAssessedTax,ok,2017-01-28,False,115337000000.0,True,True
KR,revenue,2017,123280,123280000000.0,123280000000.0,CY2017,RevenueFromContractWithCustomerExcludingAssessedTax,ok,2018-02-03,True,122662000000.0,True,True
KR,revenue,2018,121852,121852000000.0,121852000000.0,CY2018,RevenueFromContractWithCustomerExcludingAssessedTax,ok,2019-02-02,True,121162000000.0,True,True
KR,revenue,2019,122286,122286000000.0,122286000000.0,CY2019,RevenueFromContractWithCustomerExcludingAssessedTax,ok,2020-02-01,False,122286000000.0,True,True
KR,revenue,2020,132498,132498000000.0,132498000000.0,CY2020,RevenueFromContractWithCustomerExcludingAssessedTax,ok,2021-01-30,False,132498000000.0,True,True
KR,revenue,2021,137888,137888000000.0,137888000000.0,CY2021,RevenueFromContractWithCustomerExcludingAssessedTax,ok,2022-01-29,False,137888000000.0,True,True
KR,revenue,2022,148258,148258000000.0,148258000000.0,CY2022,RevenueFromContractWithCustomerExcludingAssessedTax,ok,2023-01-28,False,148258000000.0,True,True
KR,revenue,2023,150039,150039000000.0,150039000000.0,CY2023,RevenueFromContractWithCustomerExcludingAssessedTax,ok,2024-02-03,False,150039000000.0,True,True
KR,revenue,2024,147123,147123000000.0,147123000000.0,CY2024,RevenueFromContractWithCustomerExcludingAssessedTax,ok,2025-02-01,False,147123000000.0,True,True
KR,revenue,2025,147642,147642000000.0,147642000000.0,CY2025,RevenueFromContractWithCustomerExcludingAssessedTax,ok,2026-01-31,False,147642000000.0,True,True
KR,cost_of_sales,2015,85496,85496000000.0,85496000000.0,CY2015,CostOfGoodsSold,ok,2016-01-30,False,85496000000.0,True,True
KR,cost_of_sales,2016,89502,89502000000.0,89502000000.0,CY2016,CostOfGoodsSoldExcludingDepreciationDepletionAndAmortization,ok,2017-01-28,False,89502000000.0,True,True
KR,cost_of_sales,2017,95811,95811000000.0,95811000000.0,CY2017,CostOfGoodsAndServiceExcludingDepreciationDepletionAndAmortization,ok,2018-02-03,False,95811000000.0,True,True
KR,cost_of_sales,2018,95103,95103000000.0,95103000000.0,CY2018,CostOfGoodsAndServiceExcludingDepreciationDepletionAndAmortization,ok,2019-02-02,False,95103000000.0,True,True
KR,cost_of_sales,2019,95294,95294000000.0,95294000000.0,CY2019,CostOfGoodsAndServiceExcludingDepreciationDepletionAndAmortization,ok,2020-02-01,False,95294000000.0,True,True
KR,cost_of_sales,2020,101597,101597000000.0,101597000000.0,CY2020,CostOfGoodsAndServiceExcludingDepreciationDepletionAndAmortization,ok,2021-01-30,False,101597000000.0,True,True
KR,cost_of_sales,2021,107539,107539000000.0,107539000000.0,CY2021,CostOfGoodsAndServiceExcludingDepreciationDepletionAndAmortization,ok,2022-01-29,False,107539000000.0,True,True
KR,cost_of_sales,2022,116480,116480000000.0,116480000000.0,CY2022,CostOfGoodsAndServiceExcludingDepreciationDepletionAndAmortization,ok,2023-01-28,False,116480000000.0,True,True
KR,cost_of_sales,2023,116675,116675000000.0,116675000000.0,CY2023,CostOfGoodsAndServiceExcludingDepreciationDepletionAndAmortization,ok,2024-02-03,False,116675000000.0,True,True
KR,cost_of_sales,2024,113720,113720000000.0,113720000000.0,CY2024,CostOfGoodsAndServiceExcludingDepreciationDepletionAndAmortization,ok,2025-02-01,False,113720000000.0,True,True
KR,cost_of_sales,2025,113240,113240000000.0,113240000000.0,CY2025,CostOfGoodsAndServiceExcludingDepreciationDepletionAndAmortization,ok,2026-01-31,False,113240000000.0,True,True
KR,net_income,2015,2039,2039000000.0,2039000000.0,CY2015,NetIncomeLoss,ok,2016-01-30,False,2039000000.0,True,True
KR,net_income,2016,1975,1975000000.0,1975000000.0,CY2016,NetIncomeLoss,ok,2017-01-28,False,1975000000.0,True,True
KR,net_income,2017,1907,1907000000.0,1907000000.0,CY2017,NetIncomeLoss,ok,2018-02-03,False,1907000000.0,True,True
KR,net_income,2018,3110,3110000000.0,3110000000.0,CY2018,NetIncomeLoss,ok,2019-02-02,False,3110000000.0,True,True
KR,net_income,2019,1659,1659000000.0,1659000000.0,CY2019,NetIncomeLoss,ok,2020-02-01,False,1659000000.0,True,True
KR,net_income,2020,2585,2585000000.0,2585000000.0,CY2020,NetIncomeLoss,ok,2021-01-30,False,2585000000.0,True,True
KR,net_income,2021,1655,1655000000.0,,,NetIncomeLoss,ok,2022-01-29,False,1655000000.0,True,
KR,net_income,2022,2244,2244000000.0,,,NetIncomeLoss,ok,2023-01-28,False,2244000000.0,True,
KR,net_income,2023,2164,2164000000.0,,,NetIncomeLoss,ok,2024-02-03,False,2164000000.0,True,
KR,net_income,2024,2665,2665000000.0,,,NetIncomeLoss,ok,2025-02-01,False,2665000000.0,True,
KR,net_income,2025,1016,1016000000.0,,,NetIncomeLoss,ok,2026-01-31,False,1016000000.0,True,
KR,current_assets,2015,9892,9892000000.0,9892000000.0,CY2015Q4I,AssetsCurrent,ok,2016-01-30,False,9892000000.0,True,True
KR,current_assets,2016,10340,10340000000.0,10340000000.0,CY2016Q4I,AssetsCurrent,ok,2017-01-28,False,10340000000.0,True,True
KR,current_assets,2017,11117,11117000000.0,11117000000.0,CY2017Q4I,AssetsCurrent,ok,2018-02-03,False,11117000000.0,True,True
KR,current_assets,2018,10803,10803000000.0,10803000000.0,CY2018Q4I,AssetsCurrent,ok,2019-02-02,False,10803000000.0,True,True
KR,current_assets,2019,10890,10890000000.0,10890000000.0,CY2019Q4I,AssetsCurrent,ok,2020-02-01,False,10890000000.0,True,True
KR,current_assets,2020,12503,12503000000.0,12503000000.0,CY2020Q4I,AssetsCurrent,ok,2021-01-30,False,12503000000.0,True,True
KR,current_assets,2021,12174,12174000000.0,12174000000.0,CY2021Q4I,AssetsCurrent,ok,2022-01-29,False,12174000000.0,True,True
KR,current_assets,2022,12670,12670000000.0,12670000000.0,CY2022Q4I,AssetsCurrent,ok,2023-01-28,False,12670000000.0,True,True
KR,current_assets,2023,12948,12948000000.0,12948000000.0,CY2023Q4I,AssetsCurrent,ok,2024-02-03,False,12948000000.0,True,True
KR,current_assets,2024,15273,15273000000.0,15273000000.0,CY2024Q4I,AssetsCurrent,ok,2025-02-01,False,15273000000.0,True,True
KR,current_assets,2025,14505,14505000000.0,,,AssetsCurrent,ok,2026-01-31,False,14505000000.0,True,
KR,current_liabilities,2015,12971,12971000000.0,12971000000.0,CY2015Q4I,LiabilitiesCurrent,ok,2016-01-30,False,12971000000.0,True,True
KR,current_liabilities,2016,12860,12860000000.0,12860000000.0,CY2016Q4I,LiabilitiesCurrent,ok,2017-01-28,False,12860000000.0,True,True
KR,current_liabilities,2017,14197,14197000000.0,14197000000.0,CY2017Q4I,LiabilitiesCurrent,ok,2018-02-03,False,14197000000.0,True,True
KR,current_liabilities,2018,14274,14274000000.0,14274000000.0,CY2018Q4I,LiabilitiesCurrent,ok,2019-02-02,False,14274000000.0,True,True
KR,current_liabilities,2019,14243,14243000000.0,14243000000.0,CY2019Q4I,LiabilitiesCurrent,ok,2020-02-01,False,14243000000.0,True,True
KR,current_liabilities,2020,15366,15366000000.0,15366000000.0,CY2020Q4I,LiabilitiesCurrent,ok,2021-01-30,False,15366000000.0,True,True
KR,current_liabilities,2021,16323,16323000000.0,16323000000.0,CY2021Q4I,LiabilitiesCurrent,ok,2022-01-29,False,16323000000.0,True,True
KR,current_liabilities,2022,17238,17238000000.0,17238000000.0,CY2022Q4I,LiabilitiesCurrent,ok,2023-01-28,False,17238000000.0,True,True
KR,current_liabilities,2023,16058,16058000000.0,16058000000.0,CY2023Q4I,LiabilitiesCurrent,ok,2024-02-03,False,16058000000.0,True,True
KR,current_liabilities,2024,15940,15940000000.0,15940000000.0,CY2024Q4I,LiabilitiesCurrent,ok,2025-02-01,False,15940000000.0,True,True
KR,current_liabilities,2025,18108,18108000000.0,,,LiabilitiesCurrent,ok,2026-01-31,False,18108000000.0,True,
KR,total_equity,2015,6798,6798000000.0,6798000000.0,CY2015Q4I,StockholdersEquityIncludingPortionAttributableToNoncontrollingInterest,ok,2016-01-30,False,6798000000.0,True,True
KR,total_equity,2016,6710,6710000000.0,6710000000.0,CY2016Q4I,StockholdersEquityIncludingPortionAttributableToNoncontrollingInterest,ok,2017-01-28,False,6710000000.0,True,True
KR,total_equity,2017,6905,6905000000.0,6905000000.0,CY2017Q4I,StockholdersEquityIncludingPortionAttributableToNoncontrollingInterest,ok,2018-02-03,False,6905000000.0,True,True
KR,total_equity,2018,7835,7835000000.0,7835000000.0,CY2018Q4I,StockholdersEquityIncludingPortionAttributableToNoncontrollingInterest,ok,2019-02-02,False,7835000000.0,True,True
KR,total_equity,2019,8573,8573000000.0,8573000000.0,CY2019Q4I,StockholdersEquityIncludingPortionAttributableToNoncontrollingInterest,ok,2020-02-01,False,8573000000.0,True,True
KR,total_equity,2020,9550,9550000000.0,9550000000.0,CY2020Q4I,StockholdersEquityIncludingPortionAttributableToNoncontrollingInterest,ok,2021-01-30,False,9550000000.0,True,True
KR,total_equity,2021,9429,9429000000.0,9429000000.0,CY2021Q4I,StockholdersEquityIncludingPortionAttributableToNoncontrollingInterest,ok,2022-01-29,False,9429000000.0,True,True
KR,total_equity,2022,10014,10014000000.0,10014000000.0,CY2022Q4I,StockholdersEquityIncludingPortionAttributableToNoncontrollingInterest,ok,2023-01-28,False,10014000000.0,True,True
KR,total_equity,2023,11601,11601000000.0,11601000000.0,CY2023Q4I,StockholdersEquityIncludingPortionAttributableToNoncontrollingInterest,ok,2024-02-03,False,11601000000.0,True,True
KR,total_equity,2024,8281,8281000000.0,,,StockholdersEquityIncludingPortionAttributableToNoncontrollingInterest,ok,2025-02-01,False,8281000000.0,True,
KR,total_equity,2025,5936,5936000000.0,,,StockholdersEquityIncludingPortionAttributableToNoncontrollingInterest,ok,2026-01-31,False,5936000000.0,True,
WFM,revenue,2015,15389,15389000000.0,15389000000.0,CY2015,SalesRevenueNet,ok,2015-09-27,False,15389000000.0,True,True
WFM,revenue,2016,15724,15724000000.0,15724000000.0,CY2016,SalesRevenueNet,ok,2016-09-25,False,15724000000.0,True,True
WFM,revenue,2017,16030,16030000000.0,16030000000.0,CY2017,SalesRevenueNet,ok,2017-09-24,False,16030000000.0,True,True
WFM,cost_of_sales,2015,9973,9973000000.0,,,SalesRevenueNet - GrossProfit,derived,2015-09-27,,,True,
WFM,cost_of_sales,2016,10313,10313000000.0,,,SalesRevenueNet - GrossProfit,derived,2016-09-25,,,True,
WFM,cost_of_sales,2017,10633,10633000000.0,,,SalesRevenueNet - GrossProfit,derived,2017-09-24,,,True,
WFM,net_income,2015,536,536000000.0,536000000.0,CY2015,NetIncomeLoss,ok,2015-09-27,False,536000000.0,True,True
WFM,net_income,2016,507,507000000.0,507000000.0,CY2016,NetIncomeLoss,ok,2016-09-25,False,507000000.0,True,True
WFM,net_income,2017,245,245000000.0,245000000.0,CY2017,NetIncomeLoss,ok,2017-09-24,False,245000000.0,True,True
WFM,current_assets,2015,1544,1544000000.0,1544000000.0,CY2015Q3I,AssetsCurrent,ok,2015-09-27,False,1544000000.0,True,True
WFM,current_assets,2016,1975,1975000000.0,1975000000.0,CY2016Q3I,AssetsCurrent,ok,2016-09-25,False,1975000000.0,True,True
WFM,current_assets,2017,2145,2145000000.0,2145000000.0,CY2017Q3I,AssetsCurrent,ok,2017-09-24,False,2145000000.0,True,True
WFM,current_liabilities,2015,1252,1252000000.0,1252000000.0,CY2015Q3I,LiabilitiesCurrent,ok,2015-09-27,False,1252000000.0,True,True
WFM,current_liabilities,2016,1341,1341000000.0,1341000000.0,CY2016Q3I,LiabilitiesCurrent,ok,2016-09-25,False,1341000000.0,True,True
WFM,current_liabilities,2017,1355,1355000000.0,1355000000.0,CY2017Q3I,LiabilitiesCurrent,ok,2017-09-24,False,1355000000.0,True,True
WFM,total_equity,2015,3769,3769000000.0,3769000000.0,CY2015Q3I,StockholdersEquity,ok,2015-09-27,False,3769000000.0,True,True
WFM,total_equity,2016,3224,3224000000.0,3224000000.0,CY2016Q3I,StockholdersEquity,ok,2016-09-25,False,3224000000.0,True,True
WFM,total_equity,2017,3430,3430000000.0,3430000000.0,CY2017Q3I,StockholdersEquity,ok,2017-09-24,False,3430000000.0,True,True
