ticker,metric,fy,filing,filed,instance_value,instance_tag,sheet_value,sheet_tag,match
WMT,revenue,2025,0000104169-26-000055,2026-03-13,706413000000.0,RevenueFromContractWithCustomerExcludingAssessedTax,706413000000.0,RevenueFromContractWithCustomerExcludingAssessedTax,True
WMT,revenue,2024,0000104169-26-000055,2026-03-13,674538000000.0,RevenueFromContractWithCustomerExcludingAssessedTax,674538000000.0,RevenueFromContractWithCustomerExcludingAssessedTax,True
WMT,revenue,2023,0000104169-26-000055,2026-03-13,642637000000.0,RevenueFromContractWithCustomerExcludingAssessedTax,642637000000.0,RevenueFromContractWithCustomerExcludingAssessedTax,True
WMT,cost_of_sales,2025,0000104169-26-000055,2026-03-13,535395000000.0,CostOfRevenue,535395000000.0,CostOfRevenue,True
WMT,cost_of_sales,2024,0000104169-26-000055,2026-03-13,511753000000.0,CostOfRevenue,511753000000.0,CostOfRevenue,True
WMT,cost_of_sales,2023,0000104169-26-000055,2026-03-13,490142000000.0,CostOfRevenue,490142000000.0,CostOfRevenue,True
WMT,net_income,2025,0000104169-26-000055,2026-03-13,21893000000.0,NetIncomeLoss,21893000000.0,NetIncomeLoss,True
WMT,net_income,2024,0000104169-26-000055,2026-03-13,19436000000.0,NetIncomeLoss,19436000000.0,NetIncomeLoss,True
WMT,net_income,2023,0000104169-26-000055,2026-03-13,15511000000.0,NetIncomeLoss,15511000000.0,NetIncomeLoss,True
WMT,current_assets,2025,0000104169-26-000055,2026-03-13,84874000000.0,AssetsCurrent,84874000000.0,AssetsCurrent,True
WMT,current_assets,2024,0000104169-26-000055,2026-03-13,79458000000.0,AssetsCurrent,79458000000.0,AssetsCurrent,True
WMT,current_liabilities,2025,0000104169-26-000055,2026-03-13,107469000000.0,LiabilitiesCurrent,107469000000.0,LiabilitiesCurrent,True
WMT,current_liabilities,2024,0000104169-26-000055,2026-03-13,96584000000.0,LiabilitiesCurrent,96584000000.0,LiabilitiesCurrent,True
WMT,total_equity,2025,0000104169-26-000055,2026-03-13,105887000000.0,StockholdersEquityIncludingPortionAttributableToNoncontrollingInterest,105887000000.0,StockholdersEquityIncludingPortionAttributableToNoncontrollingInterest,True
WMT,total_equity,2024,0000104169-26-000055,2026-03-13,97421000000.0,StockholdersEquityIncludingPortionAttributableToNoncontrollingInterest,97421000000.0,StockholdersEquityIncludingPortionAttributableToNoncontrollingInterest,True
WMT,total_equity,2022,0000104169-26-000055,2026-03-13,83754000000.0,StockholdersEquityIncludingPortionAttributableToNoncontrollingInterest,83754000000.0,StockholdersEquityIncludingPortionAttributableToNoncontrollingInterest,True
WMT,total_equity,2023,0000104169-26-000055,2026-03-13,90349000000.0,StockholdersEquityIncludingPortionAttributableToNoncontrollingInterest,90349000000.0,StockholdersEquityIncludingPortionAttributableToNoncontrollingInterest,True
WMT,revenue,2024,0000104169-25-000021,2025-03-14,674538000000.0,RevenueFromContractWithCustomerExcludingAssessedTax,674538000000.0,RevenueFromContractWithCustomerExcludingAssessedTax,True
WMT,revenue,2023,0000104169-25-000021,2025-03-14,642637000000.0,RevenueFromContractWithCustomerExcludingAssessedTax,642637000000.0,RevenueFromContractWithCustomerExcludingAssessedTax,True
WMT,revenue,2022,0000104169-25-000021,2025-03-14,605881000000.0,RevenueFromContractWithCustomerExcludingAssessedTax,605881000000.0,RevenueFromContractWithCustomerExcludingAssessedTax,True
WMT,cost_of_sales,2024,0000104169-25-000021,2025-03-14,511753000000.0,CostOfRevenue,511753000000.0,CostOfRevenue,True
WMT,cost_of_sales,2023,0000104169-25-000021,2025-03-14,490142000000.0,CostOfRevenue,490142000000.0,CostOfRevenue,True
WMT,cost_of_sales,2022,0000104169-25-000021,2025-03-14,463721000000.0,CostOfRevenue,463721000000.0,CostOfRevenue,True
WMT,net_income,2024,0000104169-25-000021,2025-03-14,19436000000.0,NetIncomeLoss,19436000000.0,NetIncomeLoss,True
WMT,net_income,2023,0000104169-25-000021,2025-03-14,15511000000.0,NetIncomeLoss,15511000000.0,NetIncomeLoss,True
WMT,net_income,2022,0000104169-25-000021,2025-03-14,11680000000.0,NetIncomeLoss,11680000000.0,NetIncomeLoss,True
WMT,current_assets,2024,0000104169-25-000021,2025-03-14,79458000000.0,AssetsCurrent,79458000000.0,AssetsCurrent,True
WMT,current_assets,2023,0000104169-25-000021,2025-03-14,76877000000.0,AssetsCurrent,76877000000.0,AssetsCurrent,True
WMT,current_liabilities,2024,0000104169-25-000021,2025-03-14,96584000000.0,LiabilitiesCurrent,96584000000.0,LiabilitiesCurrent,True
WMT,current_liabilities,2023,0000104169-25-000021,2025-03-14,92415000000.0,LiabilitiesCurrent,92415000000.0,LiabilitiesCurrent,True
WMT,total_equity,2024,0000104169-25-000021,2025-03-14,97421000000.0,StockholdersEquityIncludingPortionAttributableToNoncontrollingInterest,97421000000.0,StockholdersEquityIncludingPortionAttributableToNoncontrollingInterest,True
WMT,total_equity,2023,0000104169-25-000021,2025-03-14,90349000000.0,StockholdersEquityIncludingPortionAttributableToNoncontrollingInterest,90349000000.0,StockholdersEquityIncludingPortionAttributableToNoncontrollingInterest,True
WMT,total_equity,2021,0000104169-25-000021,2025-03-14,91891000000.0,StockholdersEquityIncludingPortionAttributableToNoncontrollingInterest,91891000000.0,StockholdersEquityIncludingPortionAttributableToNoncontrollingInterest,True
WMT,total_equity,2022,0000104169-25-000021,2025-03-14,83754000000.0,StockholdersEquityIncludingPortionAttributableToNoncontrollingInterest,83754000000.0,StockholdersEquityIncludingPortionAttributableToNoncontrollingInterest,True
WMT,revenue,2023,0000104169-24-000056,2024-03-15,642637000000.0,RevenueFromContractWithCustomerExcludingAssessedTax,642637000000.0,RevenueFromContractWithCustomerExcludingAssessedTax,True
WMT,revenue,2022,0000104169-24-000056,2024-03-15,605881000000.0,RevenueFromContractWithCustomerExcludingAssessedTax,605881000000.0,RevenueFromContractWithCustomerExcludingAssessedTax,True
WMT,revenue,2021,0000104169-24-000056,2024-03-15,567762000000.0,RevenueFromContractWithCustomerExcludingAssessedTax,567762000000.0,RevenueFromContractWithCustomerExcludingAssessedTax,True
WMT,cost_of_sales,2023,0000104169-24-000056,2024-03-15,490142000000.0,CostOfRevenue,490142000000.0,CostOfRevenue,True
WMT,cost_of_sales,2022,0000104169-24-000056,2024-03-15,463721000000.0,CostOfRevenue,463721000000.0,CostOfRevenue,True
WMT,cost_of_sales,2021,0000104169-24-000056,2024-03-15,429000000000.0,CostOfRevenue,429000000000.0,CostOfRevenue,True
WMT,net_income,2023,0000104169-24-000056,2024-03-15,15511000000.0,NetIncomeLoss,15511000000.0,NetIncomeLoss,True
WMT,net_income,2022,0000104169-24-000056,2024-03-15,11680000000.0,NetIncomeLoss,11680000000.0,NetIncomeLoss,True
WMT,net_income,2021,0000104169-24-000056,2024-03-15,13673000000.0,NetIncomeLoss,13673000000.0,NetIncomeLoss,True
WMT,current_assets,2023,0000104169-24-000056,2024-03-15,76877000000.0,AssetsCurrent,76877000000.0,AssetsCurrent,True
WMT,current_assets,2022,0000104169-24-000056,2024-03-15,75655000000.0,AssetsCurrent,75655000000.0,AssetsCurrent,True
WMT,current_liabilities,2023,0000104169-24-000056,2024-03-15,92415000000.0,LiabilitiesCurrent,92415000000.0,LiabilitiesCurrent,True
WMT,current_liabilities,2022,0000104169-24-000056,2024-03-15,92198000000.0,LiabilitiesCurrent,92198000000.0,LiabilitiesCurrent,True
WMT,total_equity,2023,0000104169-24-000056,2024-03-15,90349000000.0,StockholdersEquityIncludingPortionAttributableToNoncontrollingInterest,90349000000.0,StockholdersEquityIncludingPortionAttributableToNoncontrollingInterest,True
WMT,total_equity,2022,0000104169-24-000056,2024-03-15,83754000000.0,StockholdersEquityIncludingPortionAttributableToNoncontrollingInterest,83754000000.0,StockholdersEquityIncludingPortionAttributableToNoncontrollingInterest,True
WMT,total_equity,2020,0000104169-24-000056,2024-03-15,87531000000.0,StockholdersEquityIncludingPortionAttributableToNoncontrollingInterest,87531000000.0,StockholdersEquityIncludingPortionAttributableToNoncontrollingInterest,True
WMT,total_equity,2021,0000104169-24-000056,2024-03-15,91891000000.0,StockholdersEquityIncludingPortionAttributableToNoncontrollingInterest,91891000000.0,StockholdersEquityIncludingPortionAttributableToNoncontrollingInterest,True
WMT,revenue,2022,0000104169-23-000020,2023-03-17,605881000000.0,RevenueFromContractWithCustomerExcludingAssessedTax,605881000000.0,RevenueFromContractWithCustomerExcludingAssessedTax,True
WMT,revenue,2021,0000104169-23-000020,2023-03-17,567762000000.0,RevenueFromContractWithCustomerExcludingAssessedTax,567762000000.0,RevenueFromContractWithCustomerExcludingAssessedTax,True
WMT,revenue,2020,0000104169-23-000020,2023-03-17,555233000000.0,RevenueFromContractWithCustomerExcludingAssessedTax,555233000000.0,RevenueFromContractWithCustomerExcludingAssessedTax,True
WMT,cost_of_sales,2022,0000104169-23-000020,2023-03-17,463721000000.0,CostOfRevenue,463721000000.0,CostOfRevenue,True
WMT,cost_of_sales,2021,0000104169-23-000020,2023-03-17,429000000000.0,CostOfRevenue,429000000000.0,CostOfRevenue,True
WMT,cost_of_sales,2020,0000104169-23-000020,2023-03-17,420315000000.0,CostOfRevenue,420315000000.0,CostOfRevenue,True
WMT,net_income,2022,0000104169-23-000020,2023-03-17,11680000000.0,NetIncomeLoss,11680000000.0,NetIncomeLoss,True
WMT,net_income,2021,0000104169-23-000020,2023-03-17,13673000000.0,NetIncomeLoss,13673000000.0,NetIncomeLoss,True
WMT,net_income,2020,0000104169-23-000020,2023-03-17,13510000000.0,NetIncomeLoss,13510000000.0,NetIncomeLoss,True
WMT,current_assets,2022,0000104169-23-000020,2023-03-17,75655000000.0,AssetsCurrent,75655000000.0,AssetsCurrent,True
WMT,current_assets,2021,0000104169-23-000020,2023-03-17,81070000000.0,AssetsCurrent,81070000000.0,AssetsCurrent,True
WMT,current_liabilities,2022,0000104169-23-000020,2023-03-17,92198000000.0,LiabilitiesCurrent,92198000000.0,LiabilitiesCurrent,True
WMT,current_liabilities,2021,0000104169-23-000020,2023-03-17,87379000000.0,LiabilitiesCurrent,87379000000.0,LiabilitiesCurrent,True
WMT,total_equity,2022,0000104169-23-000020,2023-03-17,83754000000.0,StockholdersEquityIncludingPortionAttributableToNoncontrollingInterest,83754000000.0,StockholdersEquityIncludingPortionAttributableToNoncontrollingInterest,True
WMT,total_equity,2021,0000104169-23-000020,2023-03-17,91891000000.0,StockholdersEquityIncludingPortionAttributableToNoncontrollingInterest,91891000000.0,StockholdersEquityIncludingPortionAttributableToNoncontrollingInterest,True
WMT,total_equity,2019,0000104169-23-000020,2023-03-17,81552000000.0,StockholdersEquityIncludingPortionAttributableToNoncontrollingInterest,81552000000.0,StockholdersEquityIncludingPortionAttributableToNoncontrollingInterest,True
WMT,total_equity,2020,0000104169-23-000020,2023-03-17,87531000000.0,StockholdersEquityIncludingPortionAttributableToNoncontrollingInterest,87531000000.0,StockholdersEquityIncludingPortionAttributableToNoncontrollingInterest,True
WMT,revenue,2021,0000104169-22-000012,2022-03-18,567762000000.0,RevenueFromContractWithCustomerExcludingAssessedTax,567762000000.0,RevenueFromContractWithCustomerExcludingAssessedTax,True
WMT,revenue,2020,0000104169-22-000012,2022-03-18,555233000000.0,RevenueFromContractWithCustomerExcludingAssessedTax,555233000000.0,RevenueFromContractWithCustomerExcludingAssessedTax,True
WMT,revenue,2019,0000104169-22-000012,2022-03-18,519926000000.0,RevenueFromContractWithCustomerExcludingAssessedTax,519926000000.0,RevenueFromContractWithCustomerExcludingAssessedTax,True
WMT,cost_of_sales,2021,0000104169-22-000012,2022-03-18,429000000000.0,CostOfRevenue,429000000000.0,CostOfRevenue,True
WMT,cost_of_sales,2020,0000104169-22-000012,2022-03-18,420315000000.0,CostOfRevenue,420315000000.0,CostOfRevenue,True
WMT,cost_of_sales,2019,0000104169-22-000012,2022-03-18,394605000000.0,CostOfRevenue,394605000000.0,CostOfRevenue,True
WMT,net_income,2021,0000104169-22-000012,2022-03-18,13673000000.0,NetIncomeLoss,13673000000.0,NetIncomeLoss,True
WMT,net_income,2020,0000104169-22-000012,2022-03-18,13510000000.0,NetIncomeLoss,13510000000.0,NetIncomeLoss,True
WMT,net_income,2019,0000104169-22-000012,2022-03-18,14881000000.0,NetIncomeLoss,14881000000.0,NetIncomeLoss,True
WMT,current_assets,2021,0000104169-22-000012,2022-03-18,81070000000.0,AssetsCurrent,81070000000.0,AssetsCurrent,True
WMT,current_assets,2020,0000104169-22-000012,2022-03-18,90067000000.0,AssetsCurrent,90067000000.0,AssetsCurrent,True
WMT,current_liabilities,2021,0000104169-22-000012,2022-03-18,87379000000.0,LiabilitiesCurrent,87379000000.0,LiabilitiesCurrent,True
WMT,current_liabilities,2020,0000104169-22-000012,2022-03-18,92645000000.0,LiabilitiesCurrent,92645000000.0,LiabilitiesCurrent,True
WMT,total_equity,2021,0000104169-22-000012,2022-03-18,91891000000.0,StockholdersEquityIncludingPortionAttributableToNoncontrollingInterest,91891000000.0,StockholdersEquityIncludingPortionAttributableToNoncontrollingInterest,True
WMT,total_equity,2020,0000104169-22-000012,2022-03-18,87531000000.0,StockholdersEquityIncludingPortionAttributableToNoncontrollingInterest,87531000000.0,StockholdersEquityIncludingPortionAttributableToNoncontrollingInterest,True
WMT,total_equity,2018,0000104169-22-000012,2022-03-18,79634000000.0,StockholdersEquityIncludingPortionAttributableToNoncontrollingInterest,79634000000.0,StockholdersEquityIncludingPortionAttributableToNoncontrollingInterest,True
WMT,total_equity,2019,0000104169-22-000012,2022-03-18,81552000000.0,StockholdersEquityIncludingPortionAttributableToNoncontrollingInterest,81552000000.0,StockholdersEquityIncludingPortionAttributableToNoncontrollingInterest,True
WMT,revenue,2020,0000104169-21-000033,2021-03-19,555233000000.0,RevenueFromContractWithCustomerExcludingAssessedTax,555233000000.0,RevenueFromContractWithCustomerExcludingAssessedTax,True
WMT,revenue,2019,0000104169-21-000033,2021-03-19,519926000000.0,RevenueFromContractWithCustomerExcludingAssessedTax,519926000000.0,RevenueFromContractWithCustomerExcludingAssessedTax,True
WMT,revenue,2018,0000104169-21-000033,2021-03-19,510329000000.0,RevenueFromContractWithCustomerExcludingAssessedTax,510329000000.0,RevenueFromContractWithCustomerExcludingAssessedTax,True
WMT,cost_of_sales,2020,0000104169-21-000033,2021-03-19,420315000000.0,CostOfRevenue,420315000000.0,CostOfRevenue,True
WMT,cost_of_sales,2019,0000104169-21-000033,2021-03-19,394605000000.0,CostOfRevenue,394605000000.0,CostOfRevenue,True
WMT,cost_of_sales,2018,0000104169-21-000033,2021-03-19,385301000000.0,CostOfRevenue,385301000000.0,CostOfRevenue,True
WMT,net_income,2020,0000104169-21-000033,2021-03-19,13510000000.0,NetIncomeLoss,13510000000.0,NetIncomeLoss,True
WMT,net_income,2019,0000104169-21-000033,2021-03-19,14881000000.0,NetIncomeLoss,14881000000.0,NetIncomeLoss,True
WMT,net_income,2018,0000104169-21-000033,2021-03-19,6670000000.0,NetIncomeLoss,6670000000.0,NetIncomeLoss,True
WMT,current_assets,2020,0000104169-21-000033,2021-03-19,90067000000.0,AssetsCurrent,90067000000.0,AssetsCurrent,True
WMT,current_assets,2019,0000104169-21-000033,2021-03-19,61806000000.0,AssetsCurrent,61806000000.0,AssetsCurrent,True
WMT,current_liabilities,2020,0000104169-21-000033,2021-03-19,92645000000.0,LiabilitiesCurrent,92645000000.0,LiabilitiesCurrent,True
WMT,current_liabilities,2019,0000104169-21-000033,2021-03-19,77790000000.0,LiabilitiesCurrent,77790000000.0,LiabilitiesCurrent,True
WMT,total_equity,2020,0000104169-21-000033,2021-03-19,87531000000.0,StockholdersEquityIncludingPortionAttributableToNoncontrollingInterest,87531000000.0,StockholdersEquityIncludingPortionAttributableToNoncontrollingInterest,True
WMT,total_equity,2019,0000104169-21-000033,2021-03-19,81552000000.0,StockholdersEquityIncludingPortionAttributableToNoncontrollingInterest,81552000000.0,StockholdersEquityIncludingPortionAttributableToNoncontrollingInterest,True
WMT,total_equity,2017,0000104169-21-000033,2021-03-19,80822000000.0,StockholdersEquityIncludingPortionAttributableToNoncontrollingInterest,80822000000.0,StockholdersEquityIncludingPortionAttributableToNoncontrollingInterest,True
WMT,total_equity,2018,0000104169-21-000033,2021-03-19,79634000000.0,StockholdersEquityIncludingPortionAttributableToNoncontrollingInterest,79634000000.0,StockholdersEquityIncludingPortionAttributableToNoncontrollingInterest,True
WMT,revenue,2019,0000104169-20-000011,2020-03-20,519926000000.0,RevenueFromContractWithCustomerExcludingAssessedTax,519926000000.0,RevenueFromContractWithCustomerExcludingAssessedTax,True
WMT,revenue,2018,0000104169-20-000011,2020-03-20,510329000000.0,RevenueFromContractWithCustomerExcludingAssessedTax,510329000000.0,RevenueFromContractWithCustomerExcludingAssessedTax,True
WMT,revenue,2017,0000104169-20-000011,2020-03-20,495761000000.0,RevenueFromContractWithCustomerExcludingAssessedTax,495761000000.0,RevenueFromContractWithCustomerExcludingAssessedTax,True
WMT,cost_of_sales,2019,0000104169-20-000011,2020-03-20,394605000000.0,CostOfRevenue,394605000000.0,CostOfRevenue,True
WMT,cost_of_sales,2018,0000104169-20-000011,2020-03-20,385301000000.0,CostOfRevenue,385301000000.0,CostOfRevenue,True
WMT,cost_of_sales,2017,0000104169-20-000011,2020-03-20,373396000000.0,CostOfRevenue,373396000000.0,CostOfRevenue,True
WMT,net_income,2019,0000104169-20-000011,2020-03-20,14881000000.0,NetIncomeLoss,14881000000.0,NetIncomeLoss,True
WMT,net_income,2018,0000104169-20-000011,2020-03-20,6670000000.0,NetIncomeLoss,6670000000.0,NetIncomeLoss,True
WMT,net_income,2017,0000104169-20-000011,2020-03-20,9862000000.0,NetIncomeLoss,9862000000.0,NetIncomeLoss,True
WMT,current_assets,2019,0000104169-20-000011,2020-03-20,61806000000.0,AssetsCurrent,61806000000.0,AssetsCurrent,True
WMT,current_assets,2018,0000104169-20-000011,2020-03-20,61897000000.0,AssetsCurrent,61897000000.0,AssetsCurrent,True
WMT,current_liabilities,2019,0000104169-20-000011,2020-03-20,77790000000.0,LiabilitiesCurrent,77790000000.0,LiabilitiesCurrent,True
WMT,current_liabilities,2018,0000104169-20-000011,2020-03-20,77477000000.0,LiabilitiesCurrent,77477000000.0,LiabilitiesCurrent,True
WMT,total_equity,2019,0000104169-20-000011,2020-03-20,81552000000.0,StockholdersEquityIncludingPortionAttributableToNoncontrollingInterest,81552000000.0,StockholdersEquityIncludingPortionAttributableToNoncontrollingInterest,True
WMT,total_equity,2018,0000104169-20-000011,2020-03-20,79634000000.0,StockholdersEquityIncludingPortionAttributableToNoncontrollingInterest,79634000000.0,StockholdersEquityIncludingPortionAttributableToNoncontrollingInterest,True
WMT,total_equity,2016,0000104169-20-000011,2020-03-20,80535000000.0,StockholdersEquityIncludingPortionAttributableToNoncontrollingInterest,80535000000.0,StockholdersEquityIncludingPortionAttributableToNoncontrollingInterest,True
WMT,total_equity,2017,0000104169-20-000011,2020-03-20,80822000000.0,StockholdersEquityIncludingPortionAttributableToNoncontrollingInterest,80822000000.0,StockholdersEquityIncludingPortionAttributableToNoncontrollingInterest,True
WMT,current_assets,2017,0000104169-19-000016,2019-03-28,59664000000.0,AssetsCurrent,59664000000.0,AssetsCurrent,True
WMT,current_assets,2018,0000104169-19-000016,2019-03-28,61897000000.0,AssetsCurrent,61897000000.0,AssetsCurrent,True
WMT,cost_of_sales,2016,0000104169-19-000016,2019-03-28,361256000000.0,CostOfRevenue,361256000000.0,CostOfRevenue,True
WMT,cost_of_sales,2017,0000104169-19-000016,2019-03-28,373396000000.0,CostOfRevenue,373396000000.0,CostOfRevenue,True
WMT,cost_of_sales,2018,0000104169-19-000016,2019-03-28,385301000000.0,CostOfRevenue,385301000000.0,CostOfRevenue,True
WMT,current_liabilities,2017,0000104169-19-000016,2019-03-28,78521000000.0,LiabilitiesCurrent,78521000000.0,LiabilitiesCurrent,True
WMT,current_liabilities,2018,0000104169-19-000016,2019-03-28,77477000000.0,LiabilitiesCurrent,77477000000.0,LiabilitiesCurrent,True
WMT,net_income,2016,0000104169-19-000016,2019-03-28,13643000000.0,NetIncomeLoss,13643000000.0,NetIncomeLoss,True
WMT,net_income,2017,0000104169-19-000016,2019-03-28,9862000000.0,NetIncomeLoss,9862000000.0,NetIncomeLoss,True
WMT,net_income,2018,0000104169-19-000016,2019-03-28,6670000000.0,NetIncomeLoss,6670000000.0,NetIncomeLoss,True
WMT,revenue,2016,0000104169-19-000016,2019-03-28,481317000000.0,RevenueFromContractWithCustomerExcludingAssessedTax,481317000000.0,RevenueFromContractWithCustomerExcludingAssessedTax,True
WMT,revenue,2017,0000104169-19-000016,2019-03-28,495761000000.0,RevenueFromContractWithCustomerExcludingAssessedTax,495761000000.0,RevenueFromContractWithCustomerExcludingAssessedTax,True
WMT,revenue,2018,0000104169-19-000016,2019-03-28,510329000000.0,RevenueFromContractWithCustomerExcludingAssessedTax,510329000000.0,RevenueFromContractWithCustomerExcludingAssessedTax,True
WMT,total_equity,2017,0000104169-19-000016,2019-03-28,80822000000.0,StockholdersEquityIncludingPortionAttributableToNoncontrollingInterest,80822000000.0,StockholdersEquityIncludingPortionAttributableToNoncontrollingInterest,True
WMT,total_equity,2018,0000104169-19-000016,2019-03-28,79634000000.0,StockholdersEquityIncludingPortionAttributableToNoncontrollingInterest,79634000000.0,StockholdersEquityIncludingPortionAttributableToNoncontrollingInterest,True
WMT,total_equity,2015,0000104169-19-000016,2019-03-28,83611000000.0,StockholdersEquityIncludingPortionAttributableToNoncontrollingInterest,83611000000.0,StockholdersEquityIncludingPortionAttributableToNoncontrollingInterest,True
WMT,total_equity,2016,0000104169-19-000016,2019-03-28,80535000000.0,StockholdersEquityIncludingPortionAttributableToNoncontrollingInterest,80535000000.0,StockholdersEquityIncludingPortionAttributableToNoncontrollingInterest,True
WMT,current_assets,2016,0000104169-18-000028,2018-03-30,57689000000.0,AssetsCurrent,57689000000.0,AssetsCurrent,True
WMT,current_assets,2017,0000104169-18-000028,2018-03-30,59664000000.0,AssetsCurrent,59664000000.0,AssetsCurrent,True
WMT,cost_of_sales,2015,0000104169-18-000028,2018-03-30,360984000000.0,CostOfRevenue,360984000000.0,CostOfRevenue,True
WMT,cost_of_sales,2016,0000104169-18-000028,2018-03-30,361256000000.0,CostOfRevenue,361256000000.0,CostOfRevenue,True
WMT,cost_of_sales,2017,0000104169-18-000028,2018-03-30,373396000000.0,CostOfRevenue,373396000000.0,CostOfRevenue,True
WMT,current_liabilities,2016,0000104169-18-000028,2018-03-30,66928000000.0,LiabilitiesCurrent,66928000000.0,LiabilitiesCurrent,True
WMT,current_liabilities,2017,0000104169-18-000028,2018-03-30,78521000000.0,LiabilitiesCurrent,78521000000.0,LiabilitiesCurrent,True
WMT,net_income,2015,0000104169-18-000028,2018-03-30,14694000000.0,NetIncomeLoss,14694000000.0,NetIncomeLoss,True
WMT,net_income,2016,0000104169-18-000028,2018-03-30,13643000000.0,NetIncomeLoss,13643000000.0,NetIncomeLoss,True
WMT,net_income,2017,0000104169-18-000028,2018-03-30,9862000000.0,NetIncomeLoss,9862000000.0,NetIncomeLoss,True
WMT,revenue,2015,0000104169-18-000028,2018-03-30,478614000000.0,SalesRevenueNet,478614000000.0,SalesRevenueNet,True
WMT,revenue,2016,0000104169-18-000028,2018-03-30,481317000000.0,SalesRevenueNet,481317000000.0,RevenueFromContractWithCustomerExcludingAssessedTax,True
WMT,revenue,2017,0000104169-18-000028,2018-03-30,495761000000.0,SalesRevenueNet,495761000000.0,RevenueFromContractWithCustomerExcludingAssessedTax,True
WMT,total_equity,2016,0000104169-18-000028,2018-03-30,80535000000.0,StockholdersEquityIncludingPortionAttributableToNoncontrollingInterest,80535000000.0,StockholdersEquityIncludingPortionAttributableToNoncontrollingInterest,True
WMT,total_equity,2017,0000104169-18-000028,2018-03-30,80822000000.0,StockholdersEquityIncludingPortionAttributableToNoncontrollingInterest,80822000000.0,StockholdersEquityIncludingPortionAttributableToNoncontrollingInterest,True
WMT,total_equity,2015,0000104169-18-000028,2018-03-30,83611000000.0,StockholdersEquityIncludingPortionAttributableToNoncontrollingInterest,83611000000.0,StockholdersEquityIncludingPortionAttributableToNoncontrollingInterest,True
WMT,current_assets,2015,0000104169-17-000021,2017-03-31,60239000000.0,AssetsCurrent,60239000000.0,AssetsCurrent,True
WMT,current_assets,2016,0000104169-17-000021,2017-03-31,57689000000.0,AssetsCurrent,57689000000.0,AssetsCurrent,True
WMT,cost_of_sales,2015,0000104169-17-000021,2017-03-31,360984000000.0,CostOfRevenue,360984000000.0,CostOfRevenue,True
WMT,cost_of_sales,2016,0000104169-17-000021,2017-03-31,361256000000.0,CostOfRevenue,361256000000.0,CostOfRevenue,True
WMT,current_liabilities,2015,0000104169-17-000021,2017-03-31,64619000000.0,LiabilitiesCurrent,64619000000.0,LiabilitiesCurrent,True
WMT,current_liabilities,2016,0000104169-17-000021,2017-03-31,66928000000.0,LiabilitiesCurrent,66928000000.0,LiabilitiesCurrent,True
WMT,net_income,2015,0000104169-17-000021,2017-03-31,14694000000.0,NetIncomeLoss,14694000000.0,NetIncomeLoss,True
WMT,net_income,2016,0000104169-17-000021,2017-03-31,13643000000.0,NetIncomeLoss,13643000000.0,NetIncomeLoss,True
WMT,revenue,2015,0000104169-17-000021,2017-03-31,478614000000.0,SalesRevenueNet,478614000000.0,SalesRevenueNet,True
WMT,revenue,2016,0000104169-17-000021,2017-03-31,481317000000.0,SalesRevenueNet,481317000000.0,RevenueFromContractWithCustomerExcludingAssessedTax,True
WMT,total_equity,2015,0000104169-17-000021,2017-03-31,83611000000.0,StockholdersEquityIncludingPortionAttributableToNoncontrollingInterest,83611000000.0,StockholdersEquityIncludingPortionAttributableToNoncontrollingInterest,True
WMT,total_equity,2016,0000104169-17-000021,2017-03-31,80535000000.0,StockholdersEquityIncludingPortionAttributableToNoncontrollingInterest,80535000000.0,StockholdersEquityIncludingPortionAttributableToNoncontrollingInterest,True
COST,revenue,2025,0000909832-25-000101,2025-10-08,275235000000.0,RevenueFromContractWithCustomerExcludingAssessedTax,275235000000.0,RevenueFromContractWithCustomerExcludingAssessedTax,True
COST,revenue,2024,0000909832-25-000101,2025-10-08,254453000000.0,RevenueFromContractWithCustomerExcludingAssessedTax,254453000000.0,RevenueFromContractWithCustomerExcludingAssessedTax,True
COST,revenue,2023,0000909832-25-000101,2025-10-08,242290000000.0,RevenueFromContractWithCustomerExcludingAssessedTax,242290000000.0,RevenueFromContractWithCustomerExcludingAssessedTax,True
COST,cost_of_sales,2025,0000909832-25-000101,2025-10-08,239886000000.0,CostOfGoodsAndServicesSold,239886000000.0,CostOfGoodsAndServicesSold,True
COST,cost_of_sales,2024,0000909832-25-000101,2025-10-08,222358000000.0,CostOfGoodsAndServicesSold,222358000000.0,CostOfGoodsAndServicesSold,True
COST,cost_of_sales,2023,0000909832-25-000101,2025-10-08,212586000000.0,CostOfGoodsAndServicesSold,212586000000.0,CostOfGoodsAndServicesSold,True
COST,net_income,2025,0000909832-25-000101,2025-10-08,8099000000.0,NetIncomeLoss,8099000000.0,NetIncomeLoss,True
COST,net_income,2024,0000909832-25-000101,2025-10-08,7367000000.0,NetIncomeLoss,7367000000.0,NetIncomeLoss,True
COST,net_income,2023,0000909832-25-000101,2025-10-08,6292000000.0,NetIncomeLoss,6292000000.0,NetIncomeLoss,True
COST,current_assets,2025,0000909832-25-000101,2025-10-08,38380000000.0,AssetsCurrent,38380000000.0,AssetsCurrent,True
COST,current_assets,2024,0000909832-25-000101,2025-10-08,34246000000.0,AssetsCurrent,34246000000.0,AssetsCurrent,True
COST,current_liabilities,2025,0000909832-25-000101,2025-10-08,37108000000.0,LiabilitiesCurrent,37108000000.0,LiabilitiesCurrent,True
COST,current_liabilities,2024,0000909832-25-000101,2025-10-08,35464000000.0,LiabilitiesCurrent,35464000000.0,LiabilitiesCurrent,True
COST,total_equity,2025,0000909832-25-000101,2025-10-08,29164000000.0,StockholdersEquityIncludingPortionAttributableToNoncontrollingInterest,29164000000.0,StockholdersEquityIncludingPortionAttributableToNoncontrollingInterest,True
COST,total_equity,2024,0000909832-25-000101,2025-10-08,23622000000.0,StockholdersEquityIncludingPortionAttributableToNoncontrollingInterest,23622000000.0,StockholdersEquityIncludingPortionAttributableToNoncontrollingInterest,True
COST,total_equity,2022,0000909832-25-000101,2025-10-08,20647000000.0,StockholdersEquityIncludingPortionAttributableToNoncontrollingInterest,20647000000.0,StockholdersEquityIncludingPortionAttributableToNoncontrollingInterest,True
COST,total_equity,2023,0000909832-25-000101,2025-10-08,25058000000.0,StockholdersEquityIncludingPortionAttributableToNoncontrollingInterest,25058000000.0,StockholdersEquityIncludingPortionAttributableToNoncontrollingInterest,True
COST,revenue,2024,0000909832-24-000049,2024-10-09,254453000000.0,RevenueFromContractWithCustomerExcludingAssessedTax,254453000000.0,RevenueFromContractWithCustomerExcludingAssessedTax,True
COST,revenue,2023,0000909832-24-000049,2024-10-09,242290000000.0,RevenueFromContractWithCustomerExcludingAssessedTax,242290000000.0,RevenueFromContractWithCustomerExcludingAssessedTax,True
COST,revenue,2022,0000909832-24-000049,2024-10-09,226954000000.0,RevenueFromContractWithCustomerExcludingAssessedTax,226954000000.0,RevenueFromContractWithCustomerExcludingAssessedTax,True
COST,cost_of_sales,2024,0000909832-24-000049,2024-10-09,222358000000.0,CostOfGoodsAndServicesSold,222358000000.0,CostOfGoodsAndServicesSold,True
COST,cost_of_sales,2023,0000909832-24-000049,2024-10-09,212586000000.0,CostOfGoodsAndServicesSold,212586000000.0,CostOfGoodsAndServicesSold,True
COST,cost_of_sales,2022,0000909832-24-000049,2024-10-09,199382000000.0,CostOfGoodsAndServicesSold,199382000000.0,CostOfGoodsAndServicesSold,True
COST,net_income,2024,0000909832-24-000049,2024-10-09,7367000000.0,NetIncomeLoss,7367000000.0,NetIncomeLoss,True
COST,net_income,2023,0000909832-24-000049,2024-10-09,6292000000.0,NetIncomeLoss,6292000000.0,NetIncomeLoss,True
COST,net_income,2022,0000909832-24-000049,2024-10-09,5844000000.0,NetIncomeLoss,5844000000.0,NetIncomeLoss,True
COST,current_assets,2024,0000909832-24-000049,2024-10-09,34246000000.0,AssetsCurrent,34246000000.0,AssetsCurrent,True
COST,current_assets,2023,0000909832-24-000049,2024-10-09,35879000000.0,AssetsCurrent,35879000000.0,AssetsCurrent,True
COST,current_liabilities,2024,0000909832-24-000049,2024-10-09,35464000000.0,LiabilitiesCurrent,35464000000.0,LiabilitiesCurrent,True
COST,current_liabilities,2023,0000909832-24-000049,2024-10-09,33583000000.0,LiabilitiesCurrent,33583000000.0,LiabilitiesCurrent,True
COST,total_equity,2024,0000909832-24-000049,2024-10-09,23622000000.0,StockholdersEquityIncludingPortionAttributableToNoncontrollingInterest,23622000000.0,StockholdersEquityIncludingPortionAttributableToNoncontrollingInterest,True
COST,total_equity,2023,0000909832-24-000049,2024-10-09,25058000000.0,StockholdersEquityIncludingPortionAttributableToNoncontrollingInterest,25058000000.0,StockholdersEquityIncludingPortionAttributableToNoncontrollingInterest,True
COST,total_equity,2021,0000909832-24-000049,2024-10-09,18078000000.0,StockholdersEquityIncludingPortionAttributableToNoncontrollingInterest,18078000000.0,StockholdersEquityIncludingPortionAttributableToNoncontrollingInterest,True
COST,total_equity,2022,0000909832-24-000049,2024-10-09,20647000000.0,StockholdersEquityIncludingPortionAttributableToNoncontrollingInterest,20647000000.0,StockholdersEquityIncludingPortionAttributableToNoncontrollingInterest,True
COST,revenue,2023,0000909832-23-000042,2023-10-11,242290000000.0,RevenueFromContractWithCustomerExcludingAssessedTax,242290000000.0,RevenueFromContractWithCustomerExcludingAssessedTax,True
COST,revenue,2022,0000909832-23-000042,2023-10-11,226954000000.0,RevenueFromContractWithCustomerExcludingAssessedTax,226954000000.0,RevenueFromContractWithCustomerExcludingAssessedTax,True
COST,revenue,2021,0000909832-23-000042,2023-10-11,195929000000.0,RevenueFromContractWithCustomerExcludingAssessedTax,195929000000.0,RevenueFromContractWithCustomerExcludingAssessedTax,True
COST,cost_of_sales,2023,0000909832-23-000042,2023-10-11,212586000000.0,CostOfGoodsAndServicesSold,212586000000.0,CostOfGoodsAndServicesSold,True
COST,cost_of_sales,2022,0000909832-23-000042,2023-10-11,199382000000.0,CostOfGoodsAndServicesSold,199382000000.0,CostOfGoodsAndServicesSold,True
COST,cost_of_sales,2021,0000909832-23-000042,2023-10-11,170684000000.0,CostOfGoodsAndServicesSold,170684000000.0,CostOfGoodsAndServicesSold,True
COST,net_income,2023,0000909832-23-000042,2023-10-11,6292000000.0,NetIncomeLoss,6292000000.0,NetIncomeLoss,True
COST,net_income,2022,0000909832-23-000042,2023-10-11,5844000000.0,NetIncomeLoss,5844000000.0,NetIncomeLoss,True
COST,net_income,2021,0000909832-23-000042,2023-10-11,5007000000.0,NetIncomeLoss,5007000000.0,NetIncomeLoss,True
COST,current_assets,2023,0000909832-23-000042,2023-10-11,35879000000.0,AssetsCurrent,35879000000.0,AssetsCurrent,True
COST,current_assets,2022,0000909832-23-000042,2023-10-11,32696000000.0,AssetsCurrent,32696000000.0,AssetsCurrent,True
COST,current_liabilities,2023,0000909832-23-000042,2023-10-11,33583000000.0,LiabilitiesCurrent,33583000000.0,LiabilitiesCurrent,True
COST,current_liabilities,2022,0000909832-23-000042,2023-10-11,31998000000.0,LiabilitiesCurrent,31998000000.0,LiabilitiesCurrent,True
COST,total_equity,2023,0000909832-23-000042,2023-10-11,25058000000.0,StockholdersEquityIncludingPortionAttributableToNoncontrollingInterest,25058000000.0,StockholdersEquityIncludingPortionAttributableToNoncontrollingInterest,True
COST,total_equity,2022,0000909832-23-000042,2023-10-11,20647000000.0,StockholdersEquityIncludingPortionAttributableToNoncontrollingInterest,20647000000.0,StockholdersEquityIncludingPortionAttributableToNoncontrollingInterest,True
COST,total_equity,2020,0000909832-23-000042,2023-10-11,18705000000.0,StockholdersEquityIncludingPortionAttributableToNoncontrollingInterest,18705000000.0,StockholdersEquityIncludingPortionAttributableToNoncontrollingInterest,True
COST,total_equity,2021,0000909832-23-000042,2023-10-11,18078000000.0,StockholdersEquityIncludingPortionAttributableToNoncontrollingInterest,18078000000.0,StockholdersEquityIncludingPortionAttributableToNoncontrollingInterest,True
COST,revenue,2022,0000909832-22-000021,2022-10-05,226954000000.0,RevenueFromContractWithCustomerExcludingAssessedTax,226954000000.0,RevenueFromContractWithCustomerExcludingAssessedTax,True
COST,revenue,2021,0000909832-22-000021,2022-10-05,195929000000.0,RevenueFromContractWithCustomerExcludingAssessedTax,195929000000.0,RevenueFromContractWithCustomerExcludingAssessedTax,True
COST,revenue,2020,0000909832-22-000021,2022-10-05,166761000000.0,RevenueFromContractWithCustomerExcludingAssessedTax,166761000000.0,RevenueFromContractWithCustomerExcludingAssessedTax,True
COST,cost_of_sales,2022,0000909832-22-000021,2022-10-05,199382000000.0,CostOfGoodsAndServicesSold,199382000000.0,CostOfGoodsAndServicesSold,True
COST,cost_of_sales,2021,0000909832-22-000021,2022-10-05,170684000000.0,CostOfGoodsAndServicesSold,170684000000.0,CostOfGoodsAndServicesSold,True
COST,cost_of_sales,2020,0000909832-22-000021,2022-10-05,144939000000.0,CostOfGoodsAndServicesSold,144939000000.0,CostOfGoodsAndServicesSold,True
COST,net_income,2022,0000909832-22-000021,2022-10-05,5844000000.0,NetIncomeLoss,5844000000.0,NetIncomeLoss,True
COST,net_income,2021,0000909832-22-000021,2022-10-05,5007000000.0,NetIncomeLoss,5007000000.0,NetIncomeLoss,True
COST,net_income,2020,0000909832-22-000021,2022-10-05,4002000000.0,NetIncomeLoss,4002000000.0,NetIncomeLoss,True
COST,current_assets,2022,0000909832-22-000021,2022-10-05,32696000000.0,AssetsCurrent,32696000000.0,AssetsCurrent,True
COST,current_assets,2021,0000909832-22-000021,2022-10-05,29505000000.0,AssetsCurrent,29505000000.0,AssetsCurrent,True
COST,current_liabilities,2022,0000909832-22-000021,2022-10-05,31998000000.0,LiabilitiesCurrent,31998000000.0,LiabilitiesCurrent,True
COST,current_liabilities,2021,0000909832-22-000021,2022-10-05,29441000000.0,LiabilitiesCurrent,29441000000.0,LiabilitiesCurrent,True
COST,total_equity,2022,0000909832-22-000021,2022-10-05,20647000000.0,StockholdersEquityIncludingPortionAttributableToNoncontrollingInterest,20647000000.0,StockholdersEquityIncludingPortionAttributableToNoncontrollingInterest,True
COST,total_equity,2021,0000909832-22-000021,2022-10-05,18078000000.0,StockholdersEquityIncludingPortionAttributableToNoncontrollingInterest,18078000000.0,StockholdersEquityIncludingPortionAttributableToNoncontrollingInterest,True
COST,total_equity,2019,0000909832-22-000021,2022-10-05,15584000000.0,StockholdersEquityIncludingPortionAttributableToNoncontrollingInterest,15584000000.0,StockholdersEquityIncludingPortionAttributableToNoncontrollingInterest,True
COST,total_equity,2020,0000909832-22-000021,2022-10-05,18705000000.0,StockholdersEquityIncludingPortionAttributableToNoncontrollingInterest,18705000000.0,StockholdersEquityIncludingPortionAttributableToNoncontrollingInterest,True
COST,revenue,2021,0000909832-21-000014,2021-10-06,195929000000.0,RevenueFromContractWithCustomerExcludingAssessedTax,195929000000.0,RevenueFromContractWithCustomerExcludingAssessedTax,True
COST,revenue,2020,0000909832-21-000014,2021-10-06,166761000000.0,RevenueFromContractWithCustomerExcludingAssessedTax,166761000000.0,RevenueFromContractWithCustomerExcludingAssessedTax,True
COST,revenue,2019,0000909832-21-000014,2021-10-06,152703000000.0,RevenueFromContractWithCustomerExcludingAssessedTax,152703000000.0,RevenueFromContractWithCustomerExcludingAssessedTax,True
COST,cost_of_sales,2021,0000909832-21-000014,2021-10-06,170684000000.0,CostOfGoodsAndServicesSold,170684000000.0,CostOfGoodsAndServicesSold,True
COST,cost_of_sales,2020,0000909832-21-000014,2021-10-06,144939000000.0,CostOfGoodsAndServicesSold,144939000000.0,CostOfGoodsAndServicesSold,True
COST,cost_of_sales,2019,0000909832-21-000014,2021-10-06,132886000000.0,CostOfGoodsAndServicesSold,132886000000.0,CostOfGoodsAndServicesSold,True
COST,net_income,2021,0000909832-21-000014,2021-10-06,5007000000.0,NetIncomeLoss,5007000000.0,NetIncomeLoss,True
COST,net_income,2020,0000909832-21-000014,2021-10-06,4002000000.0,NetIncomeLoss,4002000000.0,NetIncomeLoss,True
COST,net_income,2019,0000909832-21-000014,2021-10-06,3659000000.0,NetIncomeLoss,3659000000.0,NetIncomeLoss,True
COST,current_assets,2021,0000909832-21-000014,2021-10-06,29505000000.0,AssetsCurrent,29505000000.0,AssetsCurrent,True
COST,current_assets,2020,0000909832-21-000014,2021-10-06,28120000000.0,AssetsCurrent,28120000000.0,AssetsCurrent,True
COST,current_liabilities,2021,0000909832-21-000014,2021-10-06,29441000000.0,LiabilitiesCurrent,29441000000.0,LiabilitiesCurrent,True
COST,current_liabilities,2020,0000909832-21-000014,2021-10-06,24844000000.0,LiabilitiesCurrent,24844000000.0,LiabilitiesCurrent,True
COST,total_equity,2021,0000909832-21-000014,2021-10-06,18078000000.0,StockholdersEquityIncludingPortionAttributableToNoncontrollingInterest,18078000000.0,StockholdersEquityIncludingPortionAttributableToNoncontrollingInterest,True
COST,total_equity,2020,0000909832-21-000014,2021-10-06,18705000000.0,StockholdersEquityIncludingPortionAttributableToNoncontrollingInterest,18705000000.0,StockholdersEquityIncludingPortionAttributableToNoncontrollingInterest,True
COST,total_equity,2018,0000909832-21-000014,2021-10-06,13103000000.0,StockholdersEquityIncludingPortionAttributableToNoncontrollingInterest,13103000000.0,StockholdersEquityIncludingPortionAttributableToNoncontrollingInterest,True
COST,total_equity,2019,0000909832-21-000014,2021-10-06,15584000000.0,StockholdersEquityIncludingPortionAttributableToNoncontrollingInterest,15584000000.0,StockholdersEquityIncludingPortionAttributableToNoncontrollingInterest,True
COST,revenue,2020,0000909832-20-000017,2020-10-07,166761000000.0,RevenueFromContractWithCustomerExcludingAssessedTax,166761000000.0,RevenueFromContractWithCustomerExcludingAssessedTax,True
COST,revenue,2019,0000909832-20-000017,2020-10-07,152703000000.0,RevenueFromContractWithCustomerExcludingAssessedTax,152703000000.0,RevenueFromContractWithCustomerExcludingAssessedTax,True
COST,revenue,2018,0000909832-20-000017,2020-10-07,141576000000.0,RevenueFromContractWithCustomerExcludingAssessedTax,141576000000.0,RevenueFromContractWithCustomerExcludingAssessedTax,True
COST,cost_of_sales,2020,0000909832-20-000017,2020-10-07,144939000000.0,CostOfGoodsAndServicesSold,144939000000.0,CostOfGoodsAndServicesSold,True
COST,cost_of_sales,2019,0000909832-20-000017,2020-10-07,132886000000.0,CostOfGoodsAndServicesSold,132886000000.0,CostOfGoodsAndServicesSold,True
COST,cost_of_sales,2018,0000909832-20-000017,2020-10-07,123152000000.0,CostOfGoodsAndServicesSold,123152000000.0,CostOfGoodsAndServicesSold,True
COST,net_income,2020,0000909832-20-000017,2020-10-07,4002000000.0,NetIncomeLoss,4002000000.0,NetIncomeLoss,True
COST,net_income,2019,0000909832-20-000017,2020-10-07,3659000000.0,NetIncomeLoss,3659000000.0,NetIncomeLoss,True
COST,net_income,2018,0000909832-20-000017,2020-10-07,3134000000.0,NetIncomeLoss,3134000000.0,NetIncomeLoss,True
COST,current_assets,2020,0000909832-20-000017,2020-10-07,28120000000.0,AssetsCurrent,28120000000.0,AssetsCurrent,True
COST,current_assets,2019,0000909832-20-000017,2020-10-07,23485000000.0,AssetsCurrent,23485000000.0,AssetsCurrent,True
COST,current_liabilities,2020,0000909832-20-000017,2020-10-07,24844000000.0,LiabilitiesCurrent,24844000000.0,LiabilitiesCurrent,True
COST,current_liabilities,2019,0000909832-20-000017,2020-10-07,23237000000.0,LiabilitiesCurrent,23237000000.0,LiabilitiesCurrent,True
COST,total_equity,2020,0000909832-20-000017,2020-10-07,18705000000.0,StockholdersEquityIncludingPortionAttributableToNoncontrollingInterest,18705000000.0,StockholdersEquityIncludingPortionAttributableToNoncontrollingInterest,True
COST,total_equity,2019,0000909832-20-000017,2020-10-07,15584000000.0,StockholdersEquityIncludingPortionAttributableToNoncontrollingInterest,15584000000.0,StockholdersEquityIncludingPortionAttributableToNoncontrollingInterest,True
COST,total_equity,2017,0000909832-20-000017,2020-10-07,11079000000.0,StockholdersEquityIncludingPortionAttributableToNoncontrollingInterest,11079000000.0,StockholdersEquityIncludingPortionAttributableToNoncontrollingInterest,True
COST,total_equity,2018,0000909832-20-000017,2020-10-07,13103000000.0,StockholdersEquityIncludingPortionAttributableToNoncontrollingInterest,13103000000.0,StockholdersEquityIncludingPortionAttributableToNoncontrollingInterest,True
COST,current_assets,2018,0000909832-19-000019,2019-10-11,20289000000.0,AssetsCurrent,20289000000.0,AssetsCurrent,True
COST,current_assets,2019,0000909832-19-000019,2019-10-11,23485000000.0,AssetsCurrent,23485000000.0,AssetsCurrent,True
COST,cost_of_sales,2017,0000909832-19-000019,2019-10-11,111882000000.0,CostOfGoodsAndServicesSold,111882000000.0,CostOfGoodsAndServicesSold,True
COST,cost_of_sales,2018,0000909832-19-000019,2019-10-11,123152000000.0,CostOfGoodsAndServicesSold,123152000000.0,CostOfGoodsAndServicesSold,True
COST,cost_of_sales,2019,0000909832-19-000019,2019-10-11,132886000000.0,CostOfGoodsAndServicesSold,132886000000.0,CostOfGoodsAndServicesSold,True
COST,current_liabilities,2018,0000909832-19-000019,2019-10-11,19926000000.0,LiabilitiesCurrent,19926000000.0,LiabilitiesCurrent,True
COST,current_liabilities,2019,0000909832-19-000019,2019-10-11,23237000000.0,LiabilitiesCurrent,23237000000.0,LiabilitiesCurrent,True
COST,net_income,2017,0000909832-19-000019,2019-10-11,2679000000.0,NetIncomeLoss,2679000000.0,NetIncomeLoss,True
COST,net_income,2018,0000909832-19-000019,2019-10-11,3134000000.0,NetIncomeLoss,3134000000.0,NetIncomeLoss,True
COST,net_income,2019,0000909832-19-000019,2019-10-11,3659000000.0,NetIncomeLoss,3659000000.0,NetIncomeLoss,True
COST,revenue,2017,0000909832-19-000019,2019-10-11,129025000000.0,RevenueFromContractWithCustomerExcludingAssessedTax,129025000000.0,RevenueFromContractWithCustomerExcludingAssessedTax,True
COST,revenue,2018,0000909832-19-000019,2019-10-11,141576000000.0,RevenueFromContractWithCustomerExcludingAssessedTax,141576000000.0,RevenueFromContractWithCustomerExcludingAssessedTax,True
COST,revenue,2019,0000909832-19-000019,2019-10-11,152703000000.0,RevenueFromContractWithCustomerExcludingAssessedTax,152703000000.0,RevenueFromContractWithCustomerExcludingAssessedTax,True
COST,total_equity,2018,0000909832-19-000019,2019-10-11,13103000000.0,StockholdersEquityIncludingPortionAttributableToNoncontrollingInterest,13103000000.0,StockholdersEquityIncludingPortionAttributableToNoncontrollingInterest,True
COST,total_equity,2019,0000909832-19-000019,2019-10-11,15584000000.0,StockholdersEquityIncludingPortionAttributableToNoncontrollingInterest,15584000000.0,StockholdersEquityIncludingPortionAttributableToNoncontrollingInterest,True
COST,total_equity,2016,0000909832-19-000019,2019-10-11,12332000000.0,StockholdersEquityIncludingPortionAttributableToNoncontrollingInterest,12332000000.0,StockholdersEquityIncludingPortionAttributableToNoncontrollingInterest,True
COST,total_equity,2017,0000909832-19-000019,2019-10-11,11079000000.0,StockholdersEquityIncludingPortionAttributableToNoncontrollingInterest,11079000000.0,StockholdersEquityIncludingPortionAttributableToNoncontrollingInterest,True
COST,current_assets,2017,0000909832-18-000013,2018-10-26,17317000000.0,AssetsCurrent,17317000000.0,AssetsCurrent,True
COST,current_assets,2018,0000909832-18-000013,2018-10-26,20289000000.0,AssetsCurrent,20289000000.0,AssetsCurrent,True
COST,cost_of_sales,2016,0000909832-18-000013,2018-10-26,102901000000.0,CostOfGoodsAndServicesSold,102901000000.0,CostOfGoodsAndServicesSold,True
COST,cost_of_sales,2017,0000909832-18-000013,2018-10-26,111882000000.0,CostOfGoodsAndServicesSold,111882000000.0,CostOfGoodsAndServicesSold,True
COST,cost_of_sales,2018,0000909832-18-000013,2018-10-26,123152000000.0,CostOfGoodsAndServicesSold,123152000000.0,CostOfGoodsAndServicesSold,True
COST,current_liabilities,2017,0000909832-18-000013,2018-10-26,17495000000.0,LiabilitiesCurrent,17495000000.0,LiabilitiesCurrent,True
COST,current_liabilities,2018,0000909832-18-000013,2018-10-26,19926000000.0,LiabilitiesCurrent,19926000000.0,LiabilitiesCurrent,True
COST,net_income,2016,0000909832-18-000013,2018-10-26,2350000000.0,NetIncomeLoss,2350000000.0,NetIncomeLoss,True
COST,net_income,2017,0000909832-18-000013,2018-10-26,2679000000.0,NetIncomeLoss,2679000000.0,NetIncomeLoss,True
COST,net_income,2018,0000909832-18-000013,2018-10-26,3134000000.0,NetIncomeLoss,3134000000.0,NetIncomeLoss,True
COST,revenue,2016,0000909832-18-000013,2018-10-26,118719000000.0,RevenueFromContractWithCustomerExcludingAssessedTax,118719000000.0,RevenueFromContractWithCustomerExcludingAssessedTax,True
COST,revenue,2017,0000909832-18-000013,2018-10-26,129025000000.0,RevenueFromContractWithCustomerExcludingAssessedTax,129025000000.0,RevenueFromContractWithCustomerExcludingAssessedTax,True
COST,revenue,2018,0000909832-18-000013,2018-10-26,141576000000.0,RevenueFromContractWithCustomerExcludingAssessedTax,141576000000.0,RevenueFromContractWithCustomerExcludingAssessedTax,True
COST,total_equity,2017,0000909832-18-000013,2018-10-26,11079000000.0,StockholdersEquityIncludingPortionAttributableToNoncontrollingInterest,11079000000.0,StockholdersEquityIncludingPortionAttributableToNoncontrollingInterest,True
COST,total_equity,2018,0000909832-18-000013,2018-10-26,13103000000.0,StockholdersEquityIncludingPortionAttributableToNoncontrollingInterest,13103000000.0,StockholdersEquityIncludingPortionAttributableToNoncontrollingInterest,True
COST,total_equity,2015,0000909832-18-000013,2018-10-26,10843000000.0,StockholdersEquityIncludingPortionAttributableToNoncontrollingInterest,10843000000.0,StockholdersEquityIncludingPortionAttributableToNoncontrollingInterest,True
COST,total_equity,2016,0000909832-18-000013,2018-10-26,12332000000.0,StockholdersEquityIncludingPortionAttributableToNoncontrollingInterest,12332000000.0,StockholdersEquityIncludingPortionAttributableToNoncontrollingInterest,True
COST,current_assets,2016,0000909832-17-000014,2017-10-18,15218000000.0,AssetsCurrent,15218000000.0,AssetsCurrent,True
COST,current_assets,2017,0000909832-17-000014,2017-10-18,17317000000.0,AssetsCurrent,17317000000.0,AssetsCurrent,True
COST,cost_of_sales,2015,0000909832-17-000014,2017-10-18,101065000000.0,CostOfGoodsSold,101065000000.0,CostOfGoodsSold,True
COST,cost_of_sales,2016,0000909832-17-000014,2017-10-18,102901000000.0,CostOfGoodsSold,102901000000.0,CostOfGoodsAndServicesSold,True
COST,cost_of_sales,2017,0000909832-17-000014,2017-10-18,111882000000.0,CostOfGoodsSold,111882000000.0,CostOfGoodsAndServicesSold,True
COST,current_liabilities,2016,0000909832-17-000014,2017-10-18,15575000000.0,LiabilitiesCurrent,15575000000.0,LiabilitiesCurrent,True
COST,current_liabilities,2017,0000909832-17-000014,2017-10-18,17495000000.0,LiabilitiesCurrent,17495000000.0,LiabilitiesCurrent,True
COST,net_income,2015,0000909832-17-000014,2017-10-18,2377000000.0,NetIncomeLoss,2377000000.0,NetIncomeLoss,True
COST,net_income,2016,0000909832-17-000014,2017-10-18,2350000000.0,NetIncomeLoss,2350000000.0,NetIncomeLoss,True
COST,net_income,2017,0000909832-17-000014,2017-10-18,2679000000.0,NetIncomeLoss,2679000000.0,NetIncomeLoss,True
COST,revenue,2015,0000909832-17-000014,2017-10-18,113666000000.0,SalesRevenueNet,116199000000.0,Revenues,False
COST,revenue,2016,0000909832-17-000014,2017-10-18,116073000000.0,SalesRevenueNet,118719000000.0,RevenueFromContractWithCustomerExcludingAssessedTax,False
COST,revenue,2017,0000909832-17-000014,2017-10-18,126172000000.0,SalesRevenueNet,129025000000.0,RevenueFromContractWithCustomerExcludingAssessedTax,False
COST,total_equity,2016,0000909832-17-000014,2017-10-18,12332000000.0,StockholdersEquityIncludingPortionAttributableToNoncontrollingInterest,12332000000.0,StockholdersEquityIncludingPortionAttributableToNoncontrollingInterest,True
COST,total_equity,2017,0000909832-17-000014,2017-10-18,11079000000.0,StockholdersEquityIncludingPortionAttributableToNoncontrollingInterest,11079000000.0,StockholdersEquityIncludingPortionAttributableToNoncontrollingInterest,True
COST,total_equity,2015,0000909832-17-000014,2017-10-18,10843000000.0,StockholdersEquityIncludingPortionAttributableToNoncontrollingInterest,10843000000.0,StockholdersEquityIncludingPortionAttributableToNoncontrollingInterest,True
KR,current_assets,2025,0001104659-26-037723,2026-03-31,14505000000.0,AssetsCurrent,14505000000.0,AssetsCurrent,True
KR,current_assets,2024,0001104659-26-037723,2026-03-31,15273000000.0,AssetsCurrent,15273000000.0,AssetsCurrent,True
KR,current_liabilities,2025,0001104659-26-037723,2026-03-31,18108000000.0,LiabilitiesCurrent,18108000000.0,LiabilitiesCurrent,True
KR,current_liabilities,2024,0001104659-26-037723,2026-03-31,15940000000.0,LiabilitiesCurrent,15940000000.0,LiabilitiesCurrent,True
KR,total_equity,2025,0001104659-26-037723,2026-03-31,5936000000.0,StockholdersEquityIncludingPortionAttributableToNoncontrollingInterest,5936000000.0,StockholdersEquityIncludingPortionAttributableToNoncontrollingInterest,True
KR,total_equity,2024,0001104659-26-037723,2026-03-31,8281000000.0,StockholdersEquityIncludingPortionAttributableToNoncontrollingInterest,8281000000.0,StockholdersEquityIncludingPortionAttributableToNoncontrollingInterest,True
KR,revenue,2025,0001104659-26-037723,2026-03-31,147642000000.0,RevenueFromContractWithCustomerExcludingAssessedTax,147642000000.0,RevenueFromContractWithCustomerExcludingAssessedTax,True
KR,revenue,2024,0001104659-26-037723,2026-03-31,147123000000.0,RevenueFromContractWithCustomerExcludingAssessedTax,147123000000.0,RevenueFromContractWithCustomerExcludingAssessedTax,True
KR,revenue,2023,0001104659-26-037723,2026-03-31,150039000000.0,RevenueFromContractWithCustomerExcludingAssessedTax,150039000000.0,RevenueFromContractWithCustomerExcludingAssessedTax,True
KR,cost_of_sales,2025,0001104659-26-037723,2026-03-31,113240000000.0,CostOfGoodsAndServiceExcludingDepreciationDepletionAndAmortization,113240000000.0,CostOfGoodsAndServiceExcludingDepreciationDepletionAndAmortization,True
KR,cost_of_sales,2024,0001104659-26-037723,2026-03-31,113720000000.0,CostOfGoodsAndServiceExcludingDepreciationDepletionAndAmortization,113720000000.0,CostOfGoodsAndServiceExcludingDepreciationDepletionAndAmortization,True
KR,cost_of_sales,2023,0001104659-26-037723,2026-03-31,116675000000.0,CostOfGoodsAndServiceExcludingDepreciationDepletionAndAmortization,116675000000.0,CostOfGoodsAndServiceExcludingDepreciationDepletionAndAmortization,True
KR,net_income,2025,0001104659-26-037723,2026-03-31,1016000000.0,NetIncomeLoss,1016000000.0,NetIncomeLoss,True
KR,net_income,2024,0001104659-26-037723,2026-03-31,2665000000.0,NetIncomeLoss,2665000000.0,NetIncomeLoss,True
KR,net_income,2023,0001104659-26-037723,2026-03-31,2164000000.0,NetIncomeLoss,2164000000.0,NetIncomeLoss,True
KR,total_equity,2022,0001104659-26-037723,2026-03-31,10014000000.0,StockholdersEquityIncludingPortionAttributableToNoncontrollingInterest,10014000000.0,StockholdersEquityIncludingPortionAttributableToNoncontrollingInterest,True
KR,total_equity,2023,0001104659-26-037723,2026-03-31,11601000000.0,StockholdersEquityIncludingPortionAttributableToNoncontrollingInterest,11601000000.0,StockholdersEquityIncludingPortionAttributableToNoncontrollingInterest,True
KR,current_assets,2024,0001558370-25-004267,2025-04-01,15273000000.0,AssetsCurrent,15273000000.0,AssetsCurrent,True
KR,current_assets,2023,0001558370-25-004267,2025-04-01,12948000000.0,AssetsCurrent,12948000000.0,AssetsCurrent,True
KR,current_liabilities,2024,0001558370-25-004267,2025-04-01,15940000000.0,LiabilitiesCurrent,15940000000.0,LiabilitiesCurrent,True
KR,current_liabilities,2023,0001558370-25-004267,2025-04-01,16058000000.0,LiabilitiesCurrent,16058000000.0,LiabilitiesCurrent,True
KR,total_equity,2024,0001558370-25-004267,2025-04-01,8281000000.0,StockholdersEquityIncludingPortionAttributableToNoncontrollingInterest,8281000000.0,StockholdersEquityIncludingPortionAttributableToNoncontrollingInterest,True
KR,total_equity,2023,0001558370-25-004267,2025-04-01,11601000000.0,StockholdersEquityIncludingPortionAttributableToNoncontrollingInterest,11601000000.0,StockholdersEquityIncludingPortionAttributableToNoncontrollingInterest,True
KR,revenue,2024,0001558370-25-004267,2025-04-01,147123000000.0,RevenueFromContractWithCustomerExcludingAssessedTax,147123000000.0,RevenueFromContractWithCustomerExcludingAssessedTax,True
KR,revenue,2023,0001558370-25-004267,2025-04-01,150039000000.0,RevenueFromContractWithCustomerExcludingAssessedTax,150039000000.0,RevenueFromContractWithCustomerExcludingAssessedTax,True
KR,revenue,2022,0001558370-25-004267,2025-04-01,148258000000.0,RevenueFromContractWithCustomerExcludingAssessedTax,148258000000.0,RevenueFromContractWithCustomerExcludingAssessedTax,True
KR,cost_of_sales,2024,0001558370-25-004267,2025-04-01,113720000000.0,CostOfGoodsAndServiceExcludingDepreciationDepletionAndAmortization,113720000000.0,CostOfGoodsAndServiceExcludingDepreciationDepletionAndAmortization,True
KR,cost_of_sales,2023,0001558370-25-004267,2025-04-01,116675000000.0,CostOfGoodsAndServiceExcludingDepreciationDepletionAndAmortization,116675000000.0,CostOfGoodsAndServiceExcludingDepreciationDepletionAndAmortization,True
KR,cost_of_sales,2022,0001558370-25-004267,2025-04-01,116480000000.0,CostOfGoodsAndServiceExcludingDepreciationDepletionAndAmortization,116480000000.0,CostOfGoodsAndServiceExcludingDepreciationDepletionAndAmortization,True
KR,net_income,2024,0001558370-25-004267,2025-04-01,2665000000.0,NetIncomeLoss,2665000000.0,NetIncomeLoss,True
KR,net_income,2023,0001558370-25-004267,2025-04-01,2164000000.0,NetIncomeLoss,2164000000.0,NetIncomeLoss,True
KR,net_income,2022,0001558370-25-004267,2025-04-01,2244000000.0,NetIncomeLoss,2244000000.0,NetIncomeLoss,True
KR,total_equity,2021,0001558370-25-004267,2025-04-01,9429000000.0,StockholdersEquityIncludingPortionAttributableToNoncontrollingInterest,9429000000.0,StockholdersEquityIncludingPortionAttributableToNoncontrollingInterest,True
KR,total_equity,2022,0001558370-25-004267,2025-04-01,10014000000.0,StockholdersEquityIncludingPortionAttributableToNoncontrollingInterest,10014000000.0,StockholdersEquityIncludingPortionAttributableToNoncontrollingInterest,True
KR,current_assets,2023,0001558370-24-004603,2024-04-02,12948000000.0,AssetsCurrent,12948000000.0,AssetsCurrent,True
KR,current_assets,2022,0001558370-24-004603,2024-04-02,12670000000.0,AssetsCurrent,12670000000.0,AssetsCurrent,True
KR,current_liabilities,2023,0001558370-24-004603,2024-04-02,16058000000.0,LiabilitiesCurrent,16058000000.0,LiabilitiesCurrent,True
KR,current_liabilities,2022,0001558370-24-004603,2024-04-02,17238000000.0,LiabilitiesCurrent,17238000000.0,LiabilitiesCurrent,True
KR,total_equity,2023,0001558370-24-004603,2024-04-02,11601000000.0,StockholdersEquityIncludingPortionAttributableToNoncontrollingInterest,11601000000.0,StockholdersEquityIncludingPortionAttributableToNoncontrollingInterest,True
KR,total_equity,2022,0001558370-24-004603,2024-04-02,10014000000.0,StockholdersEquityIncludingPortionAttributableToNoncontrollingInterest,10014000000.0,StockholdersEquityIncludingPortionAttributableToNoncontrollingInterest,True
KR,revenue,2023,0001558370-24-004603,2024-04-02,150039000000.0,RevenueFromContractWithCustomerExcludingAssessedTax,150039000000.0,RevenueFromContractWithCustomerExcludingAssessedTax,True
KR,revenue,2022,0001558370-24-004603,2024-04-02,148258000000.0,RevenueFromContractWithCustomerExcludingAssessedTax,148258000000.0,RevenueFromContractWithCustomerExcludingAssessedTax,True
KR,revenue,2021,0001558370-24-004603,2024-04-02,137888000000.0,RevenueFromContractWithCustomerExcludingAssessedTax,137888000000.0,RevenueFromContractWithCustomerExcludingAssessedTax,True
KR,cost_of_sales,2023,0001558370-24-004603,2024-04-02,116675000000.0,CostOfGoodsAndServiceExcludingDepreciationDepletionAndAmortization,116675000000.0,CostOfGoodsAndServiceExcludingDepreciationDepletionAndAmortization,True
KR,cost_of_sales,2022,0001558370-24-004603,2024-04-02,116480000000.0,CostOfGoodsAndServiceExcludingDepreciationDepletionAndAmortization,116480000000.0,CostOfGoodsAndServiceExcludingDepreciationDepletionAndAmortization,True
KR,cost_of_sales,2021,0001558370-24-004603,2024-04-02,107539000000.0,CostOfGoodsAndServiceExcludingDepreciationDepletionAndAmortization,107539000000.0,CostOfGoodsAndServiceExcludingDepreciationDepletionAndAmortization,True
KR,net_income,2023,0001558370-24-004603,2024-04-02,2164000000.0,NetIncomeLoss,2164000000.0,NetIncomeLoss,True
KR,net_income,2022,0001558370-24-004603,2024-04-02,2244000000.0,NetIncomeLoss,2244000000.0,NetIncomeLoss,True
KR,net_income,2021,0001558370-24-004603,2024-04-02,1655000000.0,NetIncomeLoss,1655000000.0,NetIncomeLoss,True
KR,total_equity,2020,0001558370-24-004603,2024-04-02,9550000000.0,StockholdersEquityIncludingPortionAttributableToNoncontrollingInterest,9550000000.0,StockholdersEquityIncludingPortionAttributableToNoncontrollingInterest,True
KR,total_equity,2021,0001558370-24-004603,2024-04-02,9429000000.0,StockholdersEquityIncludingPortionAttributableToNoncontrollingInterest,9429000000.0,StockholdersEquityIncludingPortionAttributableToNoncontrollingInterest,True
KR,current_assets,2022,0001558370-23-004767,2023-03-28,12670000000.0,AssetsCurrent,12670000000.0,AssetsCurrent,True
KR,current_assets,2021,0001558370-23-004767,2023-03-28,12174000000.0,AssetsCurrent,12174000000.0,AssetsCurrent,True
KR,current_liabilities,2022,0001558370-23-004767,2023-03-28,17238000000.0,LiabilitiesCurrent,17238000000.0,LiabilitiesCurrent,True
KR,current_liabilities,2021,0001558370-23-004767,2023-03-28,16323000000.0,LiabilitiesCurrent,16323000000.0,LiabilitiesCurrent,True
KR,total_equity,2022,0001558370-23-004767,2023-03-28,10014000000.0,StockholdersEquityIncludingPortionAttributableToNoncontrollingInterest,10014000000.0,StockholdersEquityIncludingPortionAttributableToNoncontrollingInterest,True
KR,total_equity,2021,0001558370-23-004767,2023-03-28,9429000000.0,StockholdersEquityIncludingPortionAttributableToNoncontrollingInterest,9429000000.0,StockholdersEquityIncludingPortionAttributableToNoncontrollingInterest,True
KR,revenue,2022,0001558370-23-004767,2023-03-28,148258000000.0,RevenueFromContractWithCustomerExcludingAssessedTax,148258000000.0,RevenueFromContractWithCustomerExcludingAssessedTax,True
KR,revenue,2021,0001558370-23-004767,2023-03-28,137888000000.0,RevenueFromContractWithCustomerExcludingAssessedTax,137888000000.0,RevenueFromContractWithCustomerExcludingAssessedTax,True
KR,revenue,2020,0001558370-23-004767,2023-03-28,132498000000.0,RevenueFromContractWithCustomerExcludingAssessedTax,132498000000.0,RevenueFromContractWithCustomerExcludingAssessedTax,True
KR,cost_of_sales,2022,0001558370-23-004767,2023-03-28,116480000000.0,CostOfGoodsAndServiceExcludingDepreciationDepletionAndAmortization,116480000000.0,CostOfGoodsAndServiceExcludingDepreciationDepletionAndAmortization,True
KR,cost_of_sales,2021,0001558370-23-004767,2023-03-28,107539000000.0,CostOfGoodsAndServiceExcludingDepreciationDepletionAndAmortization,107539000000.0,CostOfGoodsAndServiceExcludingDepreciationDepletionAndAmortization,True
KR,cost_of_sales,2020,0001558370-23-004767,2023-03-28,101597000000.0,CostOfGoodsAndServiceExcludingDepreciationDepletionAndAmortization,101597000000.0,CostOfGoodsAndServiceExcludingDepreciationDepletionAndAmortization,True
KR,net_income,2022,0001558370-23-004767,2023-03-28,2244000000.0,NetIncomeLoss,2244000000.0,NetIncomeLoss,True
KR,net_income,2021,0001558370-23-004767,2023-03-28,1655000000.0,NetIncomeLoss,1655000000.0,NetIncomeLoss,True
KR,net_income,2020,0001558370-23-004767,2023-03-28,2585000000.0,NetIncomeLoss,2585000000.0,NetIncomeLoss,True
KR,total_equity,2019,0001558370-23-004767,2023-03-28,8573000000.0,StockholdersEquityIncludingPortionAttributableToNoncontrollingInterest,8573000000.0,StockholdersEquityIncludingPortionAttributableToNoncontrollingInterest,True
KR,total_equity,2020,0001558370-23-004767,2023-03-28,9550000000.0,StockholdersEquityIncludingPortionAttributableToNoncontrollingInterest,9550000000.0,StockholdersEquityIncludingPortionAttributableToNoncontrollingInterest,True
KR,current_assets,2021,0001558370-22-004595,2022-03-29,12174000000.0,AssetsCurrent,12174000000.0,AssetsCurrent,True
KR,current_assets,2020,0001558370-22-004595,2022-03-29,12503000000.0,AssetsCurrent,12503000000.0,AssetsCurrent,True
KR,current_liabilities,2021,0001558370-22-004595,2022-03-29,16323000000.0,LiabilitiesCurrent,16323000000.0,LiabilitiesCurrent,True
KR,current_liabilities,2020,0001558370-22-004595,2022-03-29,15366000000.0,LiabilitiesCurrent,15366000000.0,LiabilitiesCurrent,True
KR,total_equity,2021,0001558370-22-004595,2022-03-29,9429000000.0,StockholdersEquityIncludingPortionAttributableToNoncontrollingInterest,9429000000.0,StockholdersEquityIncludingPortionAttributableToNoncontrollingInterest,True
KR,total_equity,2020,0001558370-22-004595,2022-03-29,9550000000.0,StockholdersEquityIncludingPortionAttributableToNoncontrollingInterest,9550000000.0,StockholdersEquityIncludingPortionAttributableToNoncontrollingInterest,True
KR,revenue,2021,0001558370-22-004595,2022-03-29,137888000000.0,RevenueFromContractWithCustomerExcludingAssessedTax,137888000000.0,RevenueFromContractWithCustomerExcludingAssessedTax,True
KR,revenue,2020,0001558370-22-004595,2022-03-29,132498000000.0,RevenueFromContractWithCustomerExcludingAssessedTax,132498000000.0,RevenueFromContractWithCustomerExcludingAssessedTax,True
KR,revenue,2019,0001558370-22-004595,2022-03-29,122286000000.0,RevenueFromContractWithCustomerExcludingAssessedTax,122286000000.0,RevenueFromContractWithCustomerExcludingAssessedTax,True
KR,cost_of_sales,2021,0001558370-22-004595,2022-03-29,107539000000.0,CostOfGoodsAndServiceExcludingDepreciationDepletionAndAmortization,107539000000.0,CostOfGoodsAndServiceExcludingDepreciationDepletionAndAmortization,True
KR,cost_of_sales,2020,0001558370-22-004595,2022-03-29,101597000000.0,CostOfGoodsAndServiceExcludingDepreciationDepletionAndAmortization,101597000000.0,CostOfGoodsAndServiceExcludingDepreciationDepletionAndAmortization,True
KR,cost_of_sales,2019,0001558370-22-004595,2022-03-29,95294000000.0,CostOfGoodsAndServiceExcludingDepreciationDepletionAndAmortization,95294000000.0,CostOfGoodsAndServiceExcludingDepreciationDepletionAndAmortization,True
KR,net_income,2021,0001558370-22-004595,2022-03-29,1655000000.0,NetIncomeLoss,1655000000.0,NetIncomeLoss,True
KR,net_income,2020,0001558370-22-004595,2022-03-29,2585000000.0,NetIncomeLoss,2585000000.0,NetIncomeLoss,True
KR,net_income,2019,0001558370-22-004595,2022-03-29,1659000000.0,NetIncomeLoss,1659000000.0,NetIncomeLoss,True
KR,total_equity,2018,0001558370-22-004595,2022-03-29,7835000000.0,StockholdersEquityIncludingPortionAttributableToNoncontrollingInterest,7835000000.0,StockholdersEquityIncludingPortionAttributableToNoncontrollingInterest,True
KR,total_equity,2019,0001558370-22-004595,2022-03-29,8573000000.0,StockholdersEquityIncludingPortionAttributableToNoncontrollingInterest,8573000000.0,StockholdersEquityIncludingPortionAttributableToNoncontrollingInterest,True
KR,current_assets,2020,0001558370-21-003706,2021-03-30,12503000000.0,AssetsCurrent,12503000000.0,AssetsCurrent,True
KR,current_assets,2019,0001558370-21-003706,2021-03-30,10890000000.0,AssetsCurrent,10890000000.0,AssetsCurrent,True
KR,current_liabilities,2020,0001558370-21-003706,2021-03-30,15366000000.0,LiabilitiesCurrent,15366000000.0,LiabilitiesCurrent,True
KR,current_liabilities,2019,0001558370-21-003706,2021-03-30,14243000000.0,LiabilitiesCurrent,14243000000.0,LiabilitiesCurrent,True
KR,total_equity,2020,0001558370-21-003706,2021-03-30,9550000000.0,StockholdersEquityIncludingPortionAttributableToNoncontrollingInterest,9550000000.0,StockholdersEquityIncludingPortionAttributableToNoncontrollingInterest,True
KR,total_equity,2019,0001558370-21-003706,2021-03-30,8573000000.0,StockholdersEquityIncludingPortionAttributableToNoncontrollingInterest,8573000000.0,StockholdersEquityIncludingPortionAttributableToNoncontrollingInterest,True
KR,revenue,2020,0001558370-21-003706,2021-03-30,132498000000.0,RevenueFromContractWithCustomerExcludingAssessedTax,132498000000.0,RevenueFromContractWithCustomerExcludingAssessedTax,True
KR,revenue,2019,0001558370-21-003706,2021-03-30,122286000000.0,RevenueFromContractWithCustomerExcludingAssessedTax,122286000000.0,RevenueFromContractWithCustomerExcludingAssessedTax,True
KR,revenue,2018,0001558370-21-003706,2021-03-30,121852000000.0,RevenueFromContractWithCustomerExcludingAssessedTax,121852000000.0,RevenueFromContractWithCustomerExcludingAssessedTax,True
KR,cost_of_sales,2020,0001558370-21-003706,2021-03-30,101597000000.0,CostOfGoodsAndServiceExcludingDepreciationDepletionAndAmortization,101597000000.0,CostOfGoodsAndServiceExcludingDepreciationDepletionAndAmortization,True
KR,cost_of_sales,2019,0001558370-21-003706,2021-03-30,95294000000.0,CostOfGoodsAndServiceExcludingDepreciationDepletionAndAmortization,95294000000.0,CostOfGoodsAndServiceExcludingDepreciationDepletionAndAmortization,True
KR,cost_of_sales,2018,0001558370-21-003706,2021-03-30,95103000000.0,CostOfGoodsAndServiceExcludingDepreciationDepletionAndAmortization,95103000000.0,CostOfGoodsAndServiceExcludingDepreciationDepletionAndAmortization,True
KR,net_income,2020,0001558370-21-003706,2021-03-30,2585000000.0,NetIncomeLoss,2585000000.0,NetIncomeLoss,True
KR,net_income,2019,0001558370-21-003706,2021-03-30,1659000000.0,NetIncomeLoss,1659000000.0,NetIncomeLoss,True
KR,net_income,2018,0001558370-21-003706,2021-03-30,3110000000.0,NetIncomeLoss,3110000000.0,NetIncomeLoss,True
KR,total_equity,2017,0001558370-21-003706,2021-03-30,6905000000.0,StockholdersEquityIncludingPortionAttributableToNoncontrollingInterest,6905000000.0,StockholdersEquityIncludingPortionAttributableToNoncontrollingInterest,True
KR,total_equity,2018,0001558370-21-003706,2021-03-30,7835000000.0,StockholdersEquityIncludingPortionAttributableToNoncontrollingInterest,7835000000.0,StockholdersEquityIncludingPortionAttributableToNoncontrollingInterest,True
KR,current_assets,2019,0001558370-20-003501,2020-04-01,10890000000.0,AssetsCurrent,10890000000.0,AssetsCurrent,True
KR,current_assets,2018,0001558370-20-003501,2020-04-01,10803000000.0,AssetsCurrent,10803000000.0,AssetsCurrent,True
KR,current_liabilities,2019,0001558370-20-003501,2020-04-01,14243000000.0,LiabilitiesCurrent,14243000000.0,LiabilitiesCurrent,True
KR,current_liabilities,2018,0001558370-20-003501,2020-04-01,14274000000.0,LiabilitiesCurrent,14274000000.0,LiabilitiesCurrent,True
KR,total_equity,2019,0001558370-20-003501,2020-04-01,8573000000.0,StockholdersEquityIncludingPortionAttributableToNoncontrollingInterest,8573000000.0,StockholdersEquityIncludingPortionAttributableToNoncontrollingInterest,True
KR,total_equity,2018,0001558370-20-003501,2020-04-01,7835000000.0,StockholdersEquityIncludingPortionAttributableToNoncontrollingInterest,7835000000.0,StockholdersEquityIncludingPortionAttributableToNoncontrollingInterest,True
KR,revenue,2019,0001558370-20-003501,2020-04-01,122286000000.0,RevenueFromContractWithCustomerExcludingAssessedTax,122286000000.0,RevenueFromContractWithCustomerExcludingAssessedTax,True
KR,revenue,2018,0001558370-20-003501,2020-04-01,121852000000.0,RevenueFromContractWithCustomerExcludingAssessedTax,121852000000.0,RevenueFromContractWithCustomerExcludingAssessedTax,True
KR,revenue,2017,0001558370-20-003501,2020-04-01,123280000000.0,RevenueFromContractWithCustomerExcludingAssessedTax,123280000000.0,RevenueFromContractWithCustomerExcludingAssessedTax,True
KR,cost_of_sales,2019,0001558370-20-003501,2020-04-01,95294000000.0,CostOfGoodsAndServiceExcludingDepreciationDepletionAndAmortization,95294000000.0,CostOfGoodsAndServiceExcludingDepreciationDepletionAndAmortization,True
KR,cost_of_sales,2018,0001558370-20-003501,2020-04-01,95103000000.0,CostOfGoodsAndServiceExcludingDepreciationDepletionAndAmortization,95103000000.0,CostOfGoodsAndServiceExcludingDepreciationDepletionAndAmortization,True
KR,cost_of_sales,2017,0001558370-20-003501,2020-04-01,95811000000.0,CostOfGoodsAndServiceExcludingDepreciationDepletionAndAmortization,95811000000.0,CostOfGoodsAndServiceExcludingDepreciationDepletionAndAmortization,True
KR,net_income,2019,0001558370-20-003501,2020-04-01,1659000000.0,NetIncomeLoss,1659000000.0,NetIncomeLoss,True
KR,net_income,2018,0001558370-20-003501,2020-04-01,3110000000.0,NetIncomeLoss,3110000000.0,NetIncomeLoss,True
KR,net_income,2017,0001558370-20-003501,2020-04-01,1907000000.0,NetIncomeLoss,1907000000.0,NetIncomeLoss,True
KR,total_equity,2016,0001558370-20-003501,2020-04-01,6710000000.0,StockholdersEquityIncludingPortionAttributableToNoncontrollingInterest,6710000000.0,StockholdersEquityIncludingPortionAttributableToNoncontrollingInterest,True
KR,total_equity,2017,0001558370-20-003501,2020-04-01,6905000000.0,StockholdersEquityIncludingPortionAttributableToNoncontrollingInterest,6905000000.0,StockholdersEquityIncludingPortionAttributableToNoncontrollingInterest,True
KR,current_assets,2017,0001558370-19-002756,2019-04-02,11117000000.0,AssetsCurrent,11117000000.0,AssetsCurrent,True
KR,current_assets,2018,0001558370-19-002756,2019-04-02,10803000000.0,AssetsCurrent,10803000000.0,AssetsCurrent,True
KR,cost_of_sales,2016,0001558370-19-002756,2019-04-02,89502000000.0,CostOfGoodsSoldExcludingDepreciationDepletionAndAmortization,89502000000.0,CostOfGoodsSoldExcludingDepreciationDepletionAndAmortization,True
KR,cost_of_sales,2017,0001558370-19-002756,2019-04-02,95662000000.0,CostOfGoodsSoldExcludingDepreciationDepletionAndAmortization,95811000000.0,CostOfGoodsAndServiceExcludingDepreciationDepletionAndAmortization,False
KR,cost_of_sales,2018,0001558370-19-002756,2019-04-02,94894000000.0,CostOfGoodsSoldExcludingDepreciationDepletionAndAmortization,95103000000.0,CostOfGoodsAndServiceExcludingDepreciationDepletionAndAmortization,False
KR,current_liabilities,2017,0001558370-19-002756,2019-04-02,14197000000.0,LiabilitiesCurrent,14197000000.0,LiabilitiesCurrent,True
KR,current_liabilities,2018,0001558370-19-002756,2019-04-02,14274000000.0,LiabilitiesCurrent,14274000000.0,LiabilitiesCurrent,True
KR,net_income,2016,0001558370-19-002756,2019-04-02,1975000000.0,NetIncomeLoss,1975000000.0,NetIncomeLoss,True
KR,net_income,2017,0001558370-19-002756,2019-04-02,1907000000.0,NetIncomeLoss,1907000000.0,NetIncomeLoss,True
KR,net_income,2018,0001558370-19-002756,2019-04-02,3110000000.0,NetIncomeLoss,3110000000.0,NetIncomeLoss,True
KR,revenue,2016,0001558370-19-002756,2019-04-02,115337000000.0,RevenueFromContractWithCustomerExcludingAssessedTax,115337000000.0,RevenueFromContractWithCustomerExcludingAssessedTax,True
KR,revenue,2017,0001558370-19-002756,2019-04-02,122662000000.0,RevenueFromContractWithCustomerExcludingAssessedTax,123280000000.0,RevenueFromContractWithCustomerExcludingAssessedTax,False
KR,revenue,2018,0001558370-19-002756,2019-04-02,121162000000.0,RevenueFromContractWithCustomerExcludingAssessedTax,121852000000.0,RevenueFromContractWithCustomerExcludingAssessedTax,False
KR,total_equity,2017,0001558370-19-002756,2019-04-02,6905000000.0,StockholdersEquityIncludingPortionAttributableToNoncontrollingInterest,6905000000.0,StockholdersEquityIncludingPortionAttributableToNoncontrollingInterest,True
KR,total_equity,2018,0001558370-19-002756,2019-04-02,7835000000.0,StockholdersEquityIncludingPortionAttributableToNoncontrollingInterest,7835000000.0,StockholdersEquityIncludingPortionAttributableToNoncontrollingInterest,True
KR,total_equity,2015,0001558370-19-002756,2019-04-02,6798000000.0,StockholdersEquityIncludingPortionAttributableToNoncontrollingInterest,6798000000.0,StockholdersEquityIncludingPortionAttributableToNoncontrollingInterest,True
KR,total_equity,2016,0001558370-19-002756,2019-04-02,6710000000.0,StockholdersEquityIncludingPortionAttributableToNoncontrollingInterest,6710000000.0,StockholdersEquityIncludingPortionAttributableToNoncontrollingInterest,True
KR,current_assets,2016,0001558370-18-002753,2018-04-03,10340000000.0,AssetsCurrent,10340000000.0,AssetsCurrent,True
KR,current_assets,2017,0001558370-18-002753,2018-04-03,11117000000.0,AssetsCurrent,11117000000.0,AssetsCurrent,True
KR,cost_of_sales,2015,0001558370-18-002753,2018-04-03,85496000000.0,CostOfGoodsSold,85496000000.0,CostOfGoodsSold,True
KR,cost_of_sales,2016,0001558370-18-002753,2018-04-03,89502000000.0,CostOfGoodsSold,89502000000.0,CostOfGoodsSoldExcludingDepreciationDepletionAndAmortization,True
KR,cost_of_sales,2017,0001558370-18-002753,2018-04-03,95662000000.0,CostOfGoodsSold,95811000000.0,CostOfGoodsAndServiceExcludingDepreciationDepletionAndAmortization,False
KR,current_liabilities,2016,0001558370-18-002753,2018-04-03,12860000000.0,LiabilitiesCurrent,12860000000.0,LiabilitiesCurrent,True
KR,current_liabilities,2017,0001558370-18-002753,2018-04-03,14197000000.0,LiabilitiesCurrent,14197000000.0,LiabilitiesCurrent,True
KR,net_income,2015,0001558370-18-002753,2018-04-03,2039000000.0,NetIncomeLoss,2039000000.0,NetIncomeLoss,True
KR,net_income,2016,0001558370-18-002753,2018-04-03,1975000000.0,NetIncomeLoss,1975000000.0,NetIncomeLoss,True
KR,net_income,2017,0001558370-18-002753,2018-04-03,1907000000.0,NetIncomeLoss,1907000000.0,NetIncomeLoss,True
KR,revenue,2015,0001558370-18-002753,2018-04-03,109830000000.0,SalesRevenueGoodsNet,109830000000.0,SalesRevenueGoodsNet,True
KR,revenue,2016,0001558370-18-002753,2018-04-03,115337000000.0,SalesRevenueGoodsNet,115337000000.0,RevenueFromContractWithCustomerExcludingAssessedTax,True
KR,revenue,2017,0001558370-18-002753,2018-04-03,122662000000.0,SalesRevenueGoodsNet,123280000000.0,RevenueFromContractWithCustomerExcludingAssessedTax,False
KR,total_equity,2016,0001558370-18-002753,2018-04-03,6710000000.0,StockholdersEquityIncludingPortionAttributableToNoncontrollingInterest,6710000000.0,StockholdersEquityIncludingPortionAttributableToNoncontrollingInterest,True
KR,total_equity,2017,0001558370-18-002753,2018-04-03,6905000000.0,StockholdersEquityIncludingPortionAttributableToNoncontrollingInterest,6905000000.0,StockholdersEquityIncludingPortionAttributableToNoncontrollingInterest,True
KR,total_equity,2015,0001558370-18-002753,2018-04-03,6798000000.0,StockholdersEquityIncludingPortionAttributableToNoncontrollingInterest,6798000000.0,StockholdersEquityIncludingPortionAttributableToNoncontrollingInterest,True
KR,current_assets,2015,0001558370-17-002198,2017-03-28,9892000000.0,AssetsCurrent,9892000000.0,AssetsCurrent,True
KR,current_assets,2016,0001558370-17-002198,2017-03-28,10340000000.0,AssetsCurrent,10340000000.0,AssetsCurrent,True
KR,cost_of_sales,2015,0001558370-17-002198,2017-03-28,85496000000.0,CostOfGoodsSold,85496000000.0,CostOfGoodsSold,True
KR,cost_of_sales,2016,0001558370-17-002198,2017-03-28,89502000000.0,CostOfGoodsSold,89502000000.0,CostOfGoodsSoldExcludingDepreciationDepletionAndAmortization,True
KR,current_liabilities,2015,0001558370-17-002198,2017-03-28,12971000000.0,LiabilitiesCurrent,12971000000.0,LiabilitiesCurrent,True
KR,current_liabilities,2016,0001558370-17-002198,2017-03-28,12860000000.0,LiabilitiesCurrent,12860000000.0,LiabilitiesCurrent,True
KR,net_income,2015,0001558370-17-002198,2017-03-28,2039000000.0,NetIncomeLoss,2039000000.0,NetIncomeLoss,True
KR,net_income,2016,0001558370-17-002198,2017-03-28,1975000000.0,NetIncomeLoss,1975000000.0,NetIncomeLoss,True
KR,revenue,2015,0001558370-17-002198,2017-03-28,109830000000.0,SalesRevenueGoodsNet,109830000000.0,SalesRevenueGoodsNet,True
KR,revenue,2016,0001558370-17-002198,2017-03-28,115337000000.0,SalesRevenueGoodsNet,115337000000.0,RevenueFromContractWithCustomerExcludingAssessedTax,True
KR,total_equity,2015,0001558370-17-002198,2017-03-28,6798000000.0,StockholdersEquityIncludingPortionAttributableToNoncontrollingInterest,6798000000.0,StockholdersEquityIncludingPortionAttributableToNoncontrollingInterest,True
KR,total_equity,2016,0001558370-17-002198,2017-03-28,6710000000.0,StockholdersEquityIncludingPortionAttributableToNoncontrollingInterest,6710000000.0,StockholdersEquityIncludingPortionAttributableToNoncontrollingInterest,True
WFM,current_assets,2016,0000865436-17-000238,2017-11-17,1975000000.0,AssetsCurrent,1975000000.0,AssetsCurrent,True
WFM,current_assets,2017,0000865436-17-000238,2017-11-17,2145000000.0,AssetsCurrent,2145000000.0,AssetsCurrent,True
WFM,current_liabilities,2016,0000865436-17-000238,2017-11-17,1341000000.0,LiabilitiesCurrent,1341000000.0,LiabilitiesCurrent,True
WFM,current_liabilities,2017,0000865436-17-000238,2017-11-17,1355000000.0,LiabilitiesCurrent,1355000000.0,LiabilitiesCurrent,True
WFM,net_income,2015,0000865436-17-000238,2017-11-17,536000000.0,NetIncomeLoss,536000000.0,NetIncomeLoss,True
WFM,net_income,2016,0000865436-17-000238,2017-11-17,507000000.0,NetIncomeLoss,507000000.0,NetIncomeLoss,True
WFM,net_income,2017,0000865436-17-000238,2017-11-17,245000000.0,NetIncomeLoss,245000000.0,NetIncomeLoss,True
WFM,revenue,2015,0000865436-17-000238,2017-11-17,15389000000.0,SalesRevenueNet,15389000000.0,SalesRevenueNet,True
WFM,revenue,2016,0000865436-17-000238,2017-11-17,15724000000.0,SalesRevenueNet,15724000000.0,SalesRevenueNet,True
WFM,revenue,2017,0000865436-17-000238,2017-11-17,16030000000.0,SalesRevenueNet,16030000000.0,SalesRevenueNet,True
WFM,total_equity,2015,0000865436-17-000238,2017-11-17,3769000000.0,StockholdersEquity,3769000000.0,StockholdersEquity,True
WFM,total_equity,2016,0000865436-17-000238,2017-11-17,3224000000.0,StockholdersEquity,3224000000.0,StockholdersEquity,True
WFM,total_equity,2017,0000865436-17-000238,2017-11-17,3430000000.0,StockholdersEquity,3430000000.0,StockholdersEquity,True
