ticker,metric,fiscal_year,cik,period_start,period_end,value,tag,axis,member,accession,filed,instance,first_value,first_filed,n_versions,restated,status
COST,net_sales,2015,909832,2014-09-01,2015-08-30,113666000000.0,us-gaap:SalesRevenueNet,,,0000909832-17-000014,2017-10-18,cost-20170903.xml,113666000000.0,2016-10-12,2,False,ok
COST,net_sales,2016,909832,2015-08-31,2016-08-28,116073000000.0,us-gaap:RevenueFromContractWithCustomerExcludingAssessedTax,srt:ProductOrServiceAxis,us-gaap:ProductMember,0000909832-18-000013,2018-10-26,cost-20180902.xml,116073000000.0,2016-10-12,3,False,ok
COST,net_sales,2017,909832,2016-08-29,2017-09-03,126172000000.0,us-gaap:RevenueFromContractWithCustomerExcludingAssessedTax,srt:ProductOrServiceAxis,us-gaap:ProductMember,0000909832-19-000019,2019-10-11,cost-20190901.xml,126172000000.0,2017-10-18,3,False,ok
COST,net_sales,2018,909832,2017-09-04,2018-09-02,138434000000.0,us-gaap:RevenueFromContractWithCustomerExcludingAssessedTax,srt:ProductOrServiceAxis,us-gaap:ProductMember,0000909832-20-000017,2020-10-07,cost-20200830_htm.xml,138434000000.0,2018-10-26,4,False,ok
COST,net_sales,2019,909832,2018-09-03,2019-09-01,149351000000.0,us-gaap:RevenueFromContractWithCustomerExcludingAssessedTax,srt:ProductOrServiceAxis,us-gaap:ProductMember,0000909832-21-000014,2021-10-06,cost-20210829_htm.xml,149351000000.0,2019-10-11,6,False,ok
COST,net_sales,2020,909832,2019-09-02,2020-08-30,163220000000.0,us-gaap:RevenueFromContractWithCustomerExcludingAssessedTax,srt:ProductOrServiceAxis,us-gaap:ProductMember,0000909832-22-000021,2022-10-05,cost-20220828_htm.xml,163220000000.0,2020-10-07,7,False,ok
COST,net_sales,2021,909832,2020-08-31,2021-08-29,192052000000.0,us-gaap:RevenueFromContractWithCustomerExcludingAssessedTax,srt:ProductOrServiceAxis,us-gaap:ProductMember,0000909832-23-000042,2023-10-11,cost-20230903_htm.xml,192052000000.0,2021-10-06,6,False,ok
COST,net_sales,2022,909832,2021-08-30,2022-08-28,222730000000.0,us-gaap:RevenueFromContractWithCustomerExcludingAssessedTax,srt:ProductOrServiceAxis,us-gaap:ProductMember,0000909832-24-000049,2024-10-09,cost-20240901_htm.xml,222730000000.0,2022-10-05,6,False,ok
COST,net_sales,2023,909832,2022-08-29,2023-09-03,237710000000.0,us-gaap:RevenueFromContractWithCustomerExcludingAssessedTax,srt:ProductOrServiceAxis,us-gaap:ProductMember,0000909832-25-000101,2025-10-08,cost-20250831_htm.xml,237710000000.0,2023-10-11,6,False,ok
COST,net_sales,2024,909832,2023-09-04,2024-09-01,249625000000.0,us-gaap:RevenueFromContractWithCustomerExcludingAssessedTax,srt:ProductOrServiceAxis,us-gaap:ProductMember,0000909832-25-000101,2025-10-08,cost-20250831_htm.xml,249625000000.0,2024-10-09,4,False,ok
COST,net_sales,2025,909832,2024-09-02,2025-08-31,269912000000.0,us-gaap:RevenueFromContractWithCustomerExcludingAssessedTax,srt:ProductOrServiceAxis,us-gaap:ProductMember,0000909832-25-000101,2025-10-08,cost-20250831_htm.xml,269912000000.0,2025-10-08,2,False,ok
SAMS,cost_of_sales,2022,104169,2022-02-01,2023-01-31,75584000000.0,us-gaap:CostOfRevenue,us-gaap:StatementBusinessSegmentsAxis,wmt:SamsClubUSMember,0000104169-25-000021,2025-03-14,wmt-20250131_htm.xml,75584000000.0,2025-03-14,1,False,ok
SAMS,cost_of_sales,2023,104169,2023-02-01,2024-01-31,76748000000.0,us-gaap:CostOfRevenue,us-gaap:StatementBusinessSegmentsAxis,wmt:SamsClubUSMember,0000104169-26-000055,2026-03-13,wmt-20260131_htm.xml,76748000000.0,2025-03-14,2,False,ok
SAMS,cost_of_sales,2024,104169,2024-02-01,2025-01-31,80035000000.0,us-gaap:CostOfRevenue,us-gaap:StatementBusinessSegmentsAxis,wmt:SamsClubUSMember,0000104169-26-000055,2026-03-13,wmt-20260131_htm.xml,80035000000.0,2025-03-14,2,False,ok
SAMS,cost_of_sales,2025,104169,2025-02-01,2026-01-31,82459000000.0,us-gaap:CostOfRevenue,us-gaap:StatementBusinessSegmentsAxis,wmt:SamsClubUSMember,0000104169-26-000055,2026-03-13,wmt-20260131_htm.xml,82459000000.0,2026-03-13,1,False,ok
SAMS,operating_income,2015,104169,2015-02-01,2016-01-31,1820000000.0,us-gaap:OperatingIncomeLoss,us-gaap:StatementBusinessSegmentsAxis,wmt:SamsClubMember,0000104169-18-000028,2018-03-30,wmt-20180131.xml,1820000000.0,2016-03-30,3,False,ok
SAMS,operating_income,2016,104169,2016-02-01,2017-01-31,1628000000.0,us-gaap:OperatingIncomeLoss,us-gaap:StatementBusinessSegmentsAxis,wmt:SamsClubMember,0000104169-19-000016,2019-03-28,wmt-20190131.xml,1671000000.0,2017-03-31,3,True,ok
SAMS,operating_income,2017,104169,2017-02-01,2018-01-31,915000000.0,us-gaap:OperatingIncomeLoss,us-gaap:StatementBusinessSegmentsAxis,wmt:SamsClubMember,0000104169-20-000011,2020-03-20,wmtform10-kx1312020_htm.xml,982000000.0,2018-03-30,3,True,ok
SAMS,operating_income,2018,104169,2018-02-01,2019-01-31,1520000000.0,us-gaap:OperatingIncomeLoss,us-gaap:StatementBusinessSegmentsAxis,wmt:SamsClubMember,0000104169-21-000033,2021-03-19,wmt-20210131_htm.xml,1520000000.0,2019-03-28,3,False,ok
SAMS,operating_income,2019,104169,2019-02-01,2020-01-31,1642000000.0,us-gaap:OperatingIncomeLoss,us-gaap:StatementBusinessSegmentsAxis,wmt:SamsClubMember,0000104169-22-000012,2022-03-18,wmt-20220131_htm.xml,1642000000.0,2020-03-20,3,False,ok
SAMS,operating_income,2020,104169,2020-02-01,2021-01-31,1906000000.0,us-gaap:OperatingIncomeLoss,us-gaap:StatementBusinessSegmentsAxis,wmt:SamsClubMember,0000104169-23-000020,2023-03-17,wmt-20230131_htm.xml,1906000000.0,2021-03-19,3,False,ok
SAMS,operating_income,2021,104169,2021-02-01,2022-01-31,2259000000.0,us-gaap:OperatingIncomeLoss,us-gaap:StatementBusinessSegmentsAxis,wmt:SamsClubMember,0000104169-24-000056,2024-03-15,wmt-20240131_htm.xml,2259000000.0,2022-03-18,3,False,ok
SAMS,operating_income,2022,104169,2022-02-01,2023-01-31,1964000000.0,us-gaap:OperatingIncomeLoss,us-gaap:StatementBusinessSegmentsAxis,wmt:SamsClubUSMember,0000104169-25-000021,2025-03-14,wmt-20250131_htm.xml,1964000000.0,2023-03-17,3,False,ok
SAMS,operating_income,2023,104169,2023-02-01,2024-01-31,2192000000.0,us-gaap:OperatingIncomeLoss,us-gaap:StatementBusinessSegmentsAxis,wmt:SamsClubUSMember,0000104169-26-000055,2026-03-13,wmt-20260131_htm.xml,2192000000.0,2024-03-15,3,False,ok
SAMS,operating_income,2024,104169,2024-02-01,2025-01-31,2404000000.0,us-gaap:OperatingIncomeLoss,us-gaap:StatementBusinessSegmentsAxis,wmt:SamsClubUSMember,0000104169-26-000055,2026-03-13,wmt-20260131_htm.xml,2404000000.0,2025-03-14,2,False,ok
SAMS,operating_income,2025,104169,2025-02-01,2026-01-31,2442000000.0,us-gaap:OperatingIncomeLoss,us-gaap:StatementBusinessSegmentsAxis,wmt:SamsClubUSMember,0000104169-26-000055,2026-03-13,wmt-20260131_htm.xml,2442000000.0,2026-03-13,1,False,ok
SAMS,revenue,2015,104169,2015-02-01,2016-01-31,56828000000.0,us-gaap:SalesRevenueNet,us-gaap:StatementBusinessSegmentsAxis,wmt:SamsClubMember,0000104169-18-000028,2018-03-30,wmt-20180131.xml,56828000000.0,2016-03-30,3,False,ok
SAMS,revenue,2016,104169,2016-02-01,2017-01-31,57365000000.0,us-gaap:RevenueFromContractWithCustomerExcludingAssessedTax,us-gaap:StatementBusinessSegmentsAxis,wmt:SamsClubMember,0000104169-19-000016,2019-03-28,wmt-20190131.xml,57365000000.0,2017-03-31,3,False,ok
SAMS,revenue,2017,104169,2017-02-01,2018-01-31,59216000000.0,us-gaap:RevenueFromContractWithCustomerExcludingAssessedTax,us-gaap:StatementBusinessSegmentsAxis,wmt:SamsClubMember,0000104169-20-000011,2020-03-20,wmtform10-kx1312020_htm.xml,59216000000.0,2018-03-30,3,False,ok
SAMS,revenue,2018,104169,2018-02-01,2019-01-31,57839000000.0,us-gaap:RevenueFromContractWithCustomerExcludingAssessedTax,us-gaap:StatementBusinessSegmentsAxis,wmt:SamsClubMember,0000104169-21-000033,2021-03-19,wmt-20210131_htm.xml,57839000000.0,2019-03-28,4,False,ok
SAMS,revenue,2019,104169,2019-02-01,2020-01-31,58792000000.0,us-gaap:RevenueFromContractWithCustomerExcludingAssessedTax,us-gaap:StatementBusinessSegmentsAxis,wmt:SamsClubMember,0000104169-22-000012,2022-03-18,wmt-20220131_htm.xml,58792000000.0,2020-03-20,6,False,ok
SAMS,revenue,2020,104169,2020-02-01,2021-01-31,63910000000.0,us-gaap:RevenueFromContractWithCustomerExcludingAssessedTax,us-gaap:StatementBusinessSegmentsAxis,wmt:SamsClubMember,0000104169-23-000020,2023-03-17,wmt-20230131_htm.xml,63910000000.0,2021-03-19,6,False,ok
SAMS,revenue,2021,104169,2021-02-01,2022-01-31,73556000000.0,us-gaap:RevenueFromContractWithCustomerExcludingAssessedTax,us-gaap:StatementBusinessSegmentsAxis,wmt:SamsClubMember,0000104169-24-000056,2024-03-15,wmt-20240131_htm.xml,73556000000.0,2022-03-18,6,False,ok
SAMS,revenue,2022,104169,2022-02-01,2023-01-31,84345000000.0,us-gaap:RevenueFromContractWithCustomerExcludingAssessedTax,us-gaap:StatementBusinessSegmentsAxis,wmt:SamsClubUSMember,0000104169-25-000021,2025-03-14,wmt-20250131_htm.xml,84345000000.0,2023-03-17,6,False,ok
SAMS,revenue,2023,104169,2023-02-01,2024-01-31,86179000000.0,us-gaap:RevenueFromContractWithCustomerExcludingAssessedTax,us-gaap:StatementBusinessSegmentsAxis,wmt:SamsClubUSMember,0000104169-26-000055,2026-03-13,wmt-20260131_htm.xml,86179000000.0,2024-03-15,6,False,ok
SAMS,revenue,2024,104169,2024-02-01,2025-01-31,90238000000.0,us-gaap:RevenueFromContractWithCustomerExcludingAssessedTax,us-gaap:StatementBusinessSegmentsAxis,wmt:SamsClubUSMember,0000104169-26-000055,2026-03-13,wmt-20260131_htm.xml,90238000000.0,2025-03-14,4,False,ok
SAMS,revenue,2025,104169,2025-02-01,2026-01-31,93015000000.0,us-gaap:RevenueFromContractWithCustomerExcludingAssessedTax,us-gaap:StatementBusinessSegmentsAxis,wmt:SamsClubUSMember,0000104169-26-000055,2026-03-13,wmt-20260131_htm.xml,93015000000.0,2026-03-13,2,False,ok
SAMS,total_assets,2015,104169,,2016-01-31,13998000000.0,us-gaap:Assets,us-gaap:StatementBusinessSegmentsAxis,wmt:SamsClubMember,0000104169-18-000028,2018-03-30,wmt-20180131.xml,13998000000.0,2016-03-30,3,False,ok
SAMS,total_assets,2016,104169,,2017-01-31,14125000000.0,us-gaap:Assets,us-gaap:StatementBusinessSegmentsAxis,wmt:SamsClubMember,0000104169-19-000016,2019-03-28,wmt-20190131.xml,14125000000.0,2017-03-31,3,False,ok
SAMS,total_assets,2017,104169,,2018-01-31,13418000000.0,us-gaap:Assets,us-gaap:StatementBusinessSegmentsAxis,wmt:SamsClubMember,0000104169-20-000011,2020-03-20,wmtform10-kx1312020_htm.xml,13418000000.0,2018-03-30,3,False,ok
SAMS,total_assets,2018,104169,,2019-01-31,12893000000.0,us-gaap:Assets,us-gaap:StatementBusinessSegmentsAxis,wmt:SamsClubMember,0000104169-21-000033,2021-03-19,wmt-20210131_htm.xml,12893000000.0,2019-03-28,3,False,ok
SAMS,total_assets,2019,104169,,2020-01-31,13494000000.0,us-gaap:Assets,us-gaap:StatementBusinessSegmentsAxis,wmt:SamsClubMember,0000104169-22-000012,2022-03-18,wmt-20220131_htm.xml,13494000000.0,2020-03-20,3,False,ok
SAMS,total_assets,2020,104169,,2021-01-31,13415000000.0,us-gaap:Assets,us-gaap:StatementBusinessSegmentsAxis,wmt:SamsClubMember,0000104169-23-000020,2023-03-17,wmt-20230131_htm.xml,13415000000.0,2021-03-19,3,False,ok
SAMS,total_assets,2021,104169,,2022-01-31,14678000000.0,us-gaap:Assets,us-gaap:StatementBusinessSegmentsAxis,wmt:SamsClubMember,0000104169-24-000056,2024-03-15,wmt-20240131_htm.xml,14678000000.0,2022-03-18,3,False,ok
SAMS,total_assets,2022,104169,,2023-01-31,15490000000.0,us-gaap:Assets,us-gaap:StatementBusinessSegmentsAxis,wmt:SamsClubUSMember,0000104169-25-000021,2025-03-14,wmt-20250131_htm.xml,15490000000.0,2023-03-17,3,False,ok
SAMS,total_assets,2023,104169,,2024-01-31,15682000000.0,us-gaap:Assets,us-gaap:StatementBusinessSegmentsAxis,wmt:SamsClubUSMember,0000104169-26-000055,2026-03-13,wmt-20260131_htm.xml,15682000000.0,2024-03-15,3,False,ok
SAMS,total_assets,2024,104169,,2025-01-31,16862000000.0,us-gaap:Assets,us-gaap:StatementBusinessSegmentsAxis,wmt:SamsClubUSMember,0000104169-26-000055,2026-03-13,wmt-20260131_htm.xml,16862000000.0,2025-03-14,2,False,ok
SAMS,total_assets,2025,104169,,2026-01-31,17186000000.0,us-gaap:Assets,us-gaap:StatementBusinessSegmentsAxis,wmt:SamsClubUSMember,0000104169-26-000055,2026-03-13,wmt-20260131_htm.xml,17186000000.0,2026-03-13,1,False,ok
WFM,revenue,2016,1018724,2016-01-01,2016-12-31,0.0,us-gaap:RevenueFromContractWithCustomerExcludingAssessedTax,srt:ProductOrServiceAxis,amzn:PhysicalStoresMember,0001018724-19-000004,2019-02-01,amzn-20181231.xml,0.0,2019-02-01,1,False,ok
WFM,revenue,2017,1018724,2017-01-01,2017-12-31,5798000000.0,us-gaap:RevenueFromContractWithCustomerExcludingAssessedTax,srt:ProductOrServiceAxis,amzn:PhysicalStoresMember,0001018724-20-000004,2020-01-31,amzn-20191231x10k_htm.xml,5798000000.0,2019-02-01,2,False,ok
WFM,revenue,2018,1018724,2018-01-01,2018-12-31,17224000000.0,us-gaap:RevenueFromContractWithCustomerExcludingAssessedTax,srt:ProductOrServiceAxis,amzn:PhysicalStoresMember,0001018724-21-000004,2021-02-03,amzn-20201231_htm.xml,17224000000.0,2019-02-01,3,False,ok
WFM,revenue,2019,1018724,2019-01-01,2019-12-31,17192000000.0,us-gaap:RevenueFromContractWithCustomerExcludingAssessedTax,srt:ProductOrServiceAxis,amzn:PhysicalStoresMember,0001018724-22-000005,2022-02-04,amzn-20211231_htm.xml,17192000000.0,2020-01-31,3,False,ok
WFM,revenue,2020,1018724,2020-01-01,2020-12-31,16227000000.0,us-gaap:RevenueFromContractWithCustomerExcludingAssessedTax,srt:ProductOrServiceAxis,amzn:PhysicalStoresMember,0001018724-23-000004,2023-02-03,amzn-20221231_htm.xml,16227000000.0,2021-02-03,3,False,ok
WFM,revenue,2021,1018724,2021-01-01,2021-12-31,17075000000.0,us-gaap:RevenueFromContractWithCustomerExcludingAssessedTax,srt:ProductOrServiceAxis,amzn:PhysicalStoresMember,0001018724-24-000008,2024-02-02,amzn-20231231_htm.xml,17075000000.0,2022-02-04,3,False,ok
WFM,revenue,2022,1018724,2022-01-01,2022-12-31,18963000000.0,us-gaap:RevenueFromContractWithCustomerExcludingAssessedTax,srt:ProductOrServiceAxis,amzn:PhysicalStoresMember,0001018724-25-000004,2025-02-07,amzn-20241231_htm.xml,18963000000.0,2023-02-03,3,False,ok
WFM,revenue,2023,1018724,2023-01-01,2023-12-31,20030000000.0,us-gaap:RevenueFromContractWithCustomerExcludingAssessedTax,srt:ProductOrServiceAxis,amzn:PhysicalStoresMember,0001018724-26-000004,2026-02-06,amzn-20251231_htm.xml,20030000000.0,2024-02-02,3,False,ok
WFM,revenue,2024,1018724,2024-01-01,2024-12-31,21215000000.0,us-gaap:RevenueFromContractWithCustomerExcludingAssessedTax,srt:ProductOrServiceAxis,amzn:PhysicalStoresMember,0001018724-26-000004,2026-02-06,amzn-20251231_htm.xml,21215000000.0,2025-02-07,2,False,ok
WFM,revenue,2025,1018724,2025-01-01,2025-12-31,22561000000.0,us-gaap:RevenueFromContractWithCustomerExcludingAssessedTax,srt:ProductOrServiceAxis,amzn:PhysicalStoresMember,0001018724-26-000004,2026-02-06,amzn-20251231_htm.xml,22561000000.0,2026-02-06,1,False,ok
